problem,N,density,N_shuffles,mean_raw_SR99_nopert,mean_raw_SR99_pert,raw_TTS99_nopert_us,raw_TTS99_pert_us,raw_ETS99_nopert_nJ,raw_ETS99_pert_nJ
all_to_all_graph0_n64_d0p1,64,0.1,10,0.017899999999999992,0.01699999999999997,764.8876823121908,805.7495962178302,24170.45076106523,25461.687240483436
all_to_all_graph1_n64_d0p1,64,0.1,10,0.0014,0.0036999999999999997,9861.312458899827,3727.0097494622223,311617.47370123456,117773.50808300624
all_to_all_graph2_n64_d0p1,64,0.1,10,0.02129999999999997,0.029200000000000004,641.6829766007585,466.1920501080902,20277.182060583968,14731.668783415651
all_to_all_graph3_n64_d0p1,64,0.1,10,0.0038999999999999903,0.00599999999999998,3535.526350509031,2295.670409157431,111722.63267608538,72543.18492937482
all_to_all_graph4_n64_d0p1,64,0.1,10,0.01319999999999997,0.01329999999999995,1039.7065342369071,1031.8370221663195,32854.72648188627,32606.049900455695
all_to_all_graph5_n64_d0p1,64,0.1,10,0.0005,0.0016,27624.112784862376,8627.784499905218,872921.9640016512,272637.99019700487
all_to_all_graph6_n64_d0p1,64,0.1,10,0.0075999999999999705,0.00969999999999996,1810.9137980616872,1417.3604616511093,57224.87601874932,44788.59058817506
all_to_all_graph7_n64_d0p1,64,0.1,10,0.01429999999999998,0.018799999999999963,959.1952818847121,727.9379773798507,30310.570907556903,23002.840085203283
all_to_all_graph8_n64_d0p1,64,0.1,10,0.00899999999999999,0.01399999999999997,1528.1385648559597,979.8981954999753,48289.178649448324,30964.78297779922
all_to_all_graph9_n64_d0p1,64,0.1,10,0.0013000000000000002,0.0019,10620.406560885998,7264.4114014815295,335604.8473239976,229555.40028681635
all_to_all_graph10_n64_d0p1,64,0.1,10,0.006,0.00789999999999999,2295.670409157431,1741.8819182086515,72543.18492937482,55043.468615393394
all_to_all_graph11_n64_d0p1,64,0.1,10,0.0021000000000000003,0.0038,6571.904375876276,3628.7485346254184,207672.17827769034,114668.45369416323
all_to_all_graph12_n64_d0p1,64,0.1,10,0.0017000000000000001,0.0038999999999999903,8119.861202307684,3535.526350509031,256587.61399292282,111722.63267608538
all_to_all_graph13_n64_d0p1,64,0.1,10,0.00989999999999998,0.01679999999999996,1388.5869071155469,815.4245577126934,43879.34626485128,25767.41602372111
all_to_all_graph14_n64_d0p1,64,0.1,10,0.0046,0.006199999999999981,2996.4587969860104,2221.3932390024866,94688.09798475793,70196.02635247858
all_to_all_graph15_n64_d0p1,64,0.1,10,0.00439999999999999,0.01179999999999997,3132.9759310318755,1163.8845582004099,99002.03942060727,36778.75203913295
all_to_all_graph16_n64_d0p1,64,0.1,10,0.006900000000000001,0.00799999999999997,1995.3321802269104,1720.0218170970866,63052.49689517037,54352.68942026794
all_to_all_graph17_n64_d0p1,64,0.1,10,0.0028,0.0055999999999999705,4927.199930139427,2460.141236145571,155699.5177924059,77740.46306220004
all_to_all_graph18_n64_d0p1,64,0.1,10,0.004200000000000001,0.00829999999999998,3282.4946748166244,1657.6019934599633,103726.83172420533,52380.22299333484
all_to_all_graph19_n64_d0p1,64,0.1,10,0.011499999999999951,0.01739999999999996,1194.4276723392795,787.0668956565052,37743.91444592123,24871.313902745565
all_to_all_graph0_n64_d0p3,64,0.3,10,0.00859999999999997,0.01139999999999995,1599.537016839371,1204.9659356799507,50545.36973212413,38076.92356748645
all_to_all_graph1_n64_d0p3,64,0.3,10,0.02169999999999998,0.03059999999999997,629.7264595401789,444.54373861444276,19899.356121469653,14047.582140216391
all_to_all_graph2_n64_d0p3,64,0.3,10,0.01089999999999999,0.01209999999999998,1260.5576596046603,1134.8559612125246,39833.62204350727,35861.448374315776
all_to_all_graph3_n64_d0p3,64,0.3,10,0.02339999999999998,0.03559999999999996,583.4714186252419,381.1266515473434,18437.696828557644,12043.602188896051
all_to_all_graph4_n64_d0p3,64,0.3,10,0.0039999999999999905,0.005199999999999981,3446.9652698081577,2649.9151958375255,108924.1025259378,83737.3201884658
all_to_all_graph5_n64_d0p3,64,0.3,10,0.07879999999999995,0.10679999999999998,168.3214974571097,122.32095298898037,5318.959319644667,3865.3421144517797
all_to_all_graph6_n64_d0p3,64,0.3,10,0.015299999999999949,0.01239999999999997,896.049040144077,1107.2319567359648,28315.149668552836,34988.52983285649
all_to_all_graph7_n64_d0p3,64,0.3,10,0.005,0.008199999999999982,2756.1885854142465,1677.9011259408405,87095.5592990902,53021.67557973056
all_to_all_graph8_n64_d0p3,64,0.3,10,0.01729999999999997,0.026499999999999968,791.6565784794607,514.4013453611952,25016.347879950958,16255.08251341377
all_to_all_graph9_n64_d0p3,64,0.3,10,0.027599999999999958,0.04419999999999995,493.6219994616669,305.60831265140115,15598.455182988675,9657.222679784276
all_to_all_graph10_n64_d0p3,64,0.3,10,0.043199999999999975,0.06469999999999995,312.8448894013632,206.54709075143234,9885.898505083078,6526.888067745262
all_to_all_graph11_n64_d0p3,64,0.3,10,0.01599999999999997,0.026299999999999962,856.5430850371051,518.3661447526563,27066.761487172524,16380.37017418394
all_to_all_graph12_n64_d0p3,64,0.3,10,0.014299999999999952,0.01789999999999998,959.1952818847121,764.8876823121908,30310.570907556903,24170.45076106523
all_to_all_graph13_n64_d0p3,64,0.3,10,0.02149999999999997,0.02909999999999997,635.6491085761577,467.8180584594472,20086.511831006585,14783.05064731853
all_to_all_graph14_n64_d0p3,64,0.3,10,0.02809999999999998,0.05069999999999997,484.71461060886844,265.5276224799671,15316.981695240243,8390.67287036696
all_to_all_graph15_n64_d0p3,64,0.3,10,0.017199999999999972,0.03209999999999996,796.2996283331054,423.4444197461274,25163.068255326132,13380.843663977626
all_to_all_graph16_n64_d0p3,64,0.3,10,0.008399999999999951,0.0107,1637.7861708815396,1284.2490705596772,51754.042999856654,40582.2706296858
all_to_all_graph17_n64_d0p3,64,0.3,10,0.018199999999999942,0.025299999999999972,752.1650849942416,539.1303535286361,23768.416685818036,17036.5191715049
all_to_all_graph18_n64_d0p3,64,0.3,10,0.013699999999999959,0.02269999999999995,1001.5077906120447,601.6786093312992,31647.646183340614,19013.044054869057
all_to_all_graph19_n64_d0p3,64,0.3,10,0.041599999999999956,0.06429999999999995,325.1469468950176,207.87593033109476,10274.643521882557,6568.8793984625945
all_to_all_graph0_n64_d0p5,64,0.5,10,0.01589999999999997,0.02039999999999998,861.9738272502482,670.2994253555496,27238.372941107842,21181.461841235367
all_to_all_graph1_n64_d0p5,64,0.5,10,0.014999999999999968,0.030299999999999994,914.108881766317,449.014265853686,28885.84066381562,14188.85080097648
all_to_all_graph2_n64_d0p5,64,0.5,10,0.007199999999999989,0.00569999999999999,1911.9048362647786,2416.859445681943,60416.19282596701,76372.75848354939
all_to_all_graph3_n64_d0p5,64,0.5,10,0.047899999999999957,0.05529999999999996,281.45975555565576,242.85515436810627,8894.128275558722,7674.222878032158
all_to_all_graph4_n64_d0p5,64,0.5,10,0.03369999999999998,0.028799999999999982,403.00858101719695,472.76382884757334,12735.071160143423,14939.336991583317
all_to_all_graph5_n64_d0p5,64,0.5,10,0.04549999999999995,0.044299999999999964,296.6762283671302,304.90262084484226,9374.968816401315,9634.922818697016
all_to_all_graph6_n64_d0p5,64,0.5,10,0.02759999999999998,0.02569999999999998,493.6219994616669,530.6307741911205,15598.455182988675,16767.932464439407
all_to_all_graph7_n64_d0p5,64,0.5,10,0.016199999999999982,0.016699999999999958,845.8827348425863,820.3489371903246,26729.89442102573,25923.02641521426
all_to_all_graph8_n64_d0p5,64,0.5,10,0.02099999999999997,0.02149999999999998,650.9492654311548,635.6491085761577,20569.996787624492,20086.511831006585
all_to_all_graph9_n64_d0p5,64,0.5,10,0.030499999999999982,0.06599999999999996,446.0241435074465,202.33955945272388,14094.362934835312,6393.930078706075
all_to_all_graph10_n64_d0p5,64,0.5,10,0.03809999999999998,0.03979999999999996,355.6593498039339,340.1688686293892,11238.835453804311,10749.336248688698
all_to_all_graph11_n64_d0p5,64,0.5,10,0.01009999999999998,0.01119999999999997,1360.952890037993,1226.607005908783,43006.11132520058,38760.78138671755
all_to_all_graph12_n64_d0p5,64,0.5,10,0.02649999999999995,0.026299999999999952,514.4013453611952,518.3661447526563,16255.08251341377,16380.37017418394
all_to_all_graph13_n64_d0p5,64,0.5,10,0.059199999999999954,0.10089999999999996,226.3921025733292,129.89261553387263,7153.990441317203,4104.606650870375
all_to_all_graph14_n64_d0p5,64,0.5,10,0.028699999999999958,0.025699999999999952,474.4353941661648,530.6307741911205,14992.15845565081,16767.932464439407
all_to_all_graph15_n64_d0p5,64,0.5,10,0.09489999999999997,0.13229999999999997,138.55713722024885,97.35454827360778,4378.405536159864,3076.403725446006
all_to_all_graph16_n64_d0p5,64,0.5,10,0.04509999999999996,0.07719999999999996,299.3697270444151,171.95714730554565,9460.083374603517,5433.845854855243
all_to_all_graph17_n64_d0p5,64,0.5,10,0.04099999999999997,0.04869999999999997,330.0077203281573,276.7208163153845,10428.24396236977,8744.377795566152
all_to_all_graph18_n64_d0p5,64,0.5,10,0.012699999999999961,0.01389999999999999,1080.9130067111607,986.9977524202454,34156.85101207268,31189.12897647976
all_to_all_graph19_n64_d0p5,64,0.5,10,0.02849999999999996,0.030399999999999962,477.8137131202469,447.51428711285484,15098.913334599803,14141.451472766214
all_to_all_graph0_n64_d0p7,64,0.7,10,0.06769999999999995,0.11999999999999995,197.08112488137664,108.07436583095965,6227.763546251502,3415.149960258325
all_to_all_graph1_n64_d0p7,64,0.7,10,0.07559999999999997,0.17549999999999996,175.74659912295735,71.59106608650856,5553.592532285453,2262.2776883336705
all_to_all_graph2_n64_d0p7,64,0.7,10,0.01799999999999998,0.03629999999999995,760.5996971233582,373.6422537316086,24034.95042909812,11807.095217918832
all_to_all_graph3_n64_d0p7,64,0.7,10,0.02359999999999999,0.04179999999999998,578.4677384753157,323.55769410673514,18279.58053581998,10224.42313377283
all_to_all_graph4_n64_d0p7,64,0.7,10,0.03929999999999997,0.10369999999999997,344.5857959318738,126.19197899777238,10888.911151447213,3987.6665363296074
all_to_all_graph5_n64_d0p7,64,0.7,10,0.015699999999999992,0.02149999999999997,873.042851458229,635.6491085761577,27588.15410608004,20086.511831006585
all_to_all_graph6_n64_d0p7,64,0.7,10,0.027699999999999954,0.061999999999999944,491.8147981147089,215.8493763435574,15541.347620424802,6820.840292456414
all_to_all_graph7_n64_d0p7,64,0.7,10,0.03009999999999998,0.0769,452.0441208405353,172.65566467332542,14284.594218560916,5455.919003677083
all_to_all_graph8_n64_d0p7,64,0.7,10,0.02339999999999997,0.06499999999999995,583.4714186252419,205.56118988939772,18437.696828557644,6495.733600504968
all_to_all_graph9_n64_d0p7,64,0.7,10,0.07699999999999999,0.12639999999999998,172.42222111108984,102.23664010995337,5448.542187110439,3230.6778274745266
all_to_all_graph10_n64_d0p7,64,0.7,10,0.03319999999999999,0.060499999999999964,409.18320972707465,221.37594655336963,12930.189427375559,6995.479911086481
all_to_all_graph11_n64_d0p7,64,0.7,10,0.02159999999999997,0.024599999999999962,632.6740747731969,554.6696892846302,19992.500762833024,17527.562181394314
all_to_all_graph12_n64_d0p7,64,0.7,10,0.02649999999999998,0.03399999999999998,514.4013453611952,399.39096646515713,16255.08251341377,12620.754540298965
all_to_all_graph13_n64_d0p7,64,0.7,10,0.037399999999999975,0.05769999999999992,362.44703961525283,232.46075035731164,11453.32645184199,7345.759711291048
all_to_all_graph14_n64_d0p7,64,0.7,10,0.01619999999999999,0.048499999999999974,845.8827348425863,277.8908976809885,26729.89442102573,8781.352366719237
all_to_all_graph15_n64_d0p7,64,0.7,10,0.019699999999999978,0.04399999999999996,694.3642902092907,307.0293176545144,21941.91157061359,9702.126437882654
all_to_all_graph16_n64_d0p7,64,0.7,10,0.04229999999999996,0.10359999999999996,319.6503012066517,126.32070364962938,10100.949518130194,3991.7342353282884
all_to_all_graph17_n64_d0p7,64,0.7,10,0.028099999999999948,0.044099999999999986,484.7146106088704,306.3172043155246,15316.981695240305,9679.623656370577
all_to_all_graph18_n64_d0p7,64,0.7,10,0.08079999999999997,0.16770000000000002,163.97929956908803,75.26332250032134,5181.745866383182,2378.3209910101546
all_to_all_graph19_n64_d0p7,64,0.7,10,0.02439999999999997,0.029299999999999972,559.273254173342,464.57713996824344,17673.03483187761,14680.637622996494
all_to_all_graph0_n64_d0p9,64,0.9,10,0.025299999999999972,0.02999999999999995,539.1303535286361,453.5741964035053,17036.5191715049,14332.94460635077
all_to_all_graph1_n64_d0p9,64,0.9,10,0.08379999999999996,0.13849999999999996,157.8543902571999,92.67165207186952,4988.198732127517,2928.4242054710767
all_to_all_graph2_n64_d0p9,64,0.9,10,0.026099999999999964,0.03469999999999995,522.3917036803155,391.19310076002256,16507.57783629797,12361.701984016714
all_to_all_graph3_n64_d0p9,64,0.9,10,0.05779999999999996,0.06819999999999996,232.04637745860174,195.5843961317122,7332.665527691815,6180.466917762105
all_to_all_graph4_n64_d0p9,64,0.9,10,0.04389999999999996,0.06989999999999999,307.74467468445783,190.6556148098632,9724.731720028867,6024.717427991678
all_to_all_graph5_n64_d0p9,64,0.9,10,0.06159999999999995,0.11019999999999996,217.29682044244115,118.32546141167379,6866.57952598114,3739.084580608892
all_to_all_graph6_n64_d0p9,64,0.9,10,0.02769999999999998,0.05189999999999998,491.8147981147089,259.225697585872,15541.347620424802,8191.532043713556
all_to_all_graph7_n64_d0p9,64,0.9,10,0.053199999999999956,0.13719999999999996,252.7193577660001,93.6185484853499,7985.931705405603,2958.3461321370573
all_to_all_graph8_n64_d0p9,64,0.9,10,0.03199999999999999,0.051099999999999965,424.7895066092919,263.3941018931602,13423.348408853624,8323.253619823863
all_to_all_graph9_n64_d0p9,64,0.9,10,0.03459999999999995,0.06809999999999997,392.343918033466,195.88198436165845,12398.067809857526,6189.870705828407
all_to_all_graph10_n64_d0p9,64,0.9,10,0.02189999999999995,0.04069999999999998,623.91198239591,332.491842105745,19715.618643710754,10506.742210541543
all_to_all_graph11_n64_d0p9,64,0.9,10,0.07829999999999995,0.15029999999999993,169.44168606590523,84.82437892036906,5354.357279682606,2680.4503738836625
all_to_all_graph12_n64_d0p9,64,0.9,10,0.02429999999999998,0.04259999999999995,561.6034522098106,317.34988550866694,17746.669089830015,10028.256382073876
all_to_all_graph13_n64_d0p9,64,0.9,10,0.040199999999999944,0.06159999999999995,336.71442497553176,217.29682044244115,10640.175829226804,6866.57952598114
all_to_all_graph14_n64_d0p9,64,0.9,10,0.01699999999999996,0.03069999999999996,805.7495962178353,443.072977267151,25461.6872404836,14001.106081641972
all_to_all_graph15_n64_d0p9,64,0.9,10,0.015399999999999973,0.01159999999999997,890.1854521417484,1184.0711011744033,28129.860287679254,37416.64679711115
all_to_all_graph16_n64_d0p9,64,0.9,10,0.01529999999999998,0.024599999999999973,896.049040144077,554.6696892846302,28315.149668552836,17527.562181394314
all_to_all_graph17_n64_d0p9,64,0.9,10,0.02019999999999995,0.04529999999999995,677.0049169119413,298.01703288243743,21393.355374417348,9417.338239085024
all_to_all_graph18_n64_d0p9,64,0.9,10,0.06149999999999998,0.09579999999999998,217.66162239677237,137.18833373739668,6878.107267738007,4335.151346101735
all_to_all_graph19_n64_d0p9,64,0.9,10,0.08039999999999994,0.13319999999999999,164.83046715435947,96.64777614929639,5208.6427620777595,3054.0697263177663
