problem,N,density,N_shuffles,mean_raw_SR99_pert,mean_post_SR99_pert,post_SR99_pert_gain
all_to_all_graph0_n16_d0p1,16,0.1,10,0.27609999999999996,0.6172,2.235421948569359
all_to_all_graph1_n16_d0p1,16,0.1,10,0.572,0.6855,1.1984265734265735
all_to_all_graph2_n16_d0p1,16,0.1,10,0.6789,0.679,1.0001472970982472
all_to_all_graph3_n16_d0p1,16,0.1,10,0.4822,0.4824,1.0004147656574036
all_to_all_graph4_n16_d0p1,16,0.1,10,0.1588,0.215,1.353904282115869
all_to_all_graph5_n16_d0p1,16,0.1,10,0.15039999999999998,0.29189999999999994,1.9408244680851063
all_to_all_graph6_n16_d0p1,16,0.1,10,0.1956,0.1956,1.0
all_to_all_graph7_n16_d0p1,16,0.1,10,0.49119999999999997,0.5052,1.0285016286644952
all_to_all_graph8_n16_d0p1,16,0.1,10,0.1407,0.17929999999999996,1.2743425728500353
all_to_all_graph9_n16_d0p1,16,0.1,10,0.27880000000000005,0.2827,1.0139885222381635
all_to_all_graph10_n16_d0p1,16,0.1,10,0.25029999999999997,0.30279999999999996,1.209748302037555
all_to_all_graph11_n16_d0p1,16,0.1,10,0.07529999999999996,0.1406,1.8671978751660037
all_to_all_graph12_n16_d0p1,16,0.1,10,0.10609999999999997,0.1325,1.2488218661639967
all_to_all_graph13_n16_d0p1,16,0.1,10,0.02739999999999998,0.24889999999999998,9.083941605839422
all_to_all_graph14_n16_d0p1,16,0.1,10,0.23739999999999997,0.2855,1.2026116259477675
all_to_all_graph15_n16_d0p1,16,0.1,10,0.44209999999999994,0.5013,1.133906356028048
all_to_all_graph16_n16_d0p1,16,0.1,10,0.22979999999999995,0.24229999999999996,1.0543951261966928
all_to_all_graph17_n16_d0p1,16,0.1,10,0.1803,0.27369999999999994,1.5180255130338323
all_to_all_graph18_n16_d0p1,16,0.1,10,0.18019999999999997,0.18019999999999997,1.0
all_to_all_graph19_n16_d0p1,16,0.1,10,0.3537,0.3669,1.037319762510602
all_to_all_graph0_n16_d0p3,16,0.3,10,0.2884,0.43679999999999997,1.5145631067961165
all_to_all_graph1_n16_d0p3,16,0.3,10,0.42750000000000005,0.5141,1.2025730994152046
all_to_all_graph2_n16_d0p3,16,0.3,10,0.34789999999999993,0.3509999999999999,1.0089106064961195
all_to_all_graph3_n16_d0p3,16,0.3,10,0.05989999999999999,0.1976,3.2988313856427385
all_to_all_graph4_n16_d0p3,16,0.3,10,0.20509999999999992,0.21589999999999998,1.0526572403705512
all_to_all_graph5_n16_d0p3,16,0.3,10,0.357,0.5053,1.415406162464986
all_to_all_graph6_n16_d0p3,16,0.3,10,0.17569999999999997,0.23059999999999997,1.3124644280022766
all_to_all_graph7_n16_d0p3,16,0.3,10,0.15079999999999996,0.1668,1.1061007957559685
all_to_all_graph8_n16_d0p3,16,0.3,10,0.18189999999999998,0.21119999999999997,1.161077515118197
all_to_all_graph9_n16_d0p3,16,0.3,10,0.23929999999999998,0.24569999999999997,1.026744671959883
all_to_all_graph10_n16_d0p3,16,0.3,10,0.22719999999999993,0.37579999999999997,1.6540492957746482
all_to_all_graph11_n16_d0p3,16,0.3,10,0.0566,0.07869999999999996,1.3904593639575966
all_to_all_graph12_n16_d0p3,16,0.3,10,0.09719999999999995,0.18669999999999995,1.9207818930041156
all_to_all_graph13_n16_d0p3,16,0.3,10,0.06699999999999999,0.41719999999999996,6.226865671641791
all_to_all_graph14_n16_d0p3,16,0.3,10,0.15549999999999997,0.2744,1.764630225080386
all_to_all_graph15_n16_d0p3,16,0.3,10,0.3807,0.3955,1.038875755187812
all_to_all_graph16_n16_d0p3,16,0.3,10,0.7078,0.7955,1.1239050579259677
all_to_all_graph17_n16_d0p3,16,0.3,10,0.10429999999999998,0.10449999999999997,1.0019175455417066
all_to_all_graph18_n16_d0p3,16,0.3,10,0.18249999999999994,0.19039999999999996,1.043287671232877
all_to_all_graph19_n16_d0p3,16,0.3,10,0.2746,0.3359,1.2232337946103422
all_to_all_graph0_n16_d0p5,16,0.5,10,0.5300999999999999,0.6195999999999999,1.1688360686662895
all_to_all_graph1_n16_d0p5,16,0.5,10,0.22239999999999993,0.3001999999999999,1.349820143884892
all_to_all_graph2_n16_d0p5,16,0.5,10,0.13169999999999998,0.2012,1.5277145026575552
all_to_all_graph3_n16_d0p5,16,0.5,10,0.29829999999999995,0.4741000000000001,1.5893395910157564
all_to_all_graph4_n16_d0p5,16,0.5,10,0.3202,0.4747,1.4825109306683324
all_to_all_graph5_n16_d0p5,16,0.5,10,0.17169999999999996,0.21039999999999998,1.225393127548049
all_to_all_graph6_n16_d0p5,16,0.5,10,0.24019999999999997,0.2419,1.0070774354704415
all_to_all_graph7_n16_d0p5,16,0.5,10,0.16639999999999996,0.175,1.0516826923076925
all_to_all_graph8_n16_d0p5,16,0.5,10,0.24669999999999997,0.2864,1.1609241994325092
all_to_all_graph9_n16_d0p5,16,0.5,10,0.35719999999999996,0.40199999999999997,1.1254199328107504
all_to_all_graph10_n16_d0p5,16,0.5,10,0.43079999999999996,0.4739999999999999,1.1002785515320332
all_to_all_graph11_n16_d0p5,16,0.5,10,0.18339999999999995,0.36369999999999997,1.98309705561614
all_to_all_graph12_n16_d0p5,16,0.5,10,0.29059999999999997,0.30589999999999995,1.0526496902959395
all_to_all_graph13_n16_d0p5,16,0.5,10,0.20699999999999993,0.36879999999999996,1.781642512077295
all_to_all_graph14_n16_d0p5,16,0.5,10,0.19949999999999998,0.21399999999999997,1.0726817042606516
all_to_all_graph15_n16_d0p5,16,0.5,10,0.19619999999999999,0.2976,1.5168195718654434
all_to_all_graph16_n16_d0p5,16,0.5,10,0.11239999999999999,0.21799999999999997,1.9395017793594307
all_to_all_graph17_n16_d0p5,16,0.5,10,0.4058,0.47969999999999996,1.1821094135041892
all_to_all_graph18_n16_d0p5,16,0.5,10,0.24119999999999994,0.3596,1.4908789386401329
all_to_all_graph19_n16_d0p5,16,0.5,10,0.16919999999999996,0.18759999999999996,1.1087470449172576
all_to_all_graph0_n16_d0p7,16,0.7,10,0.3214,0.48319999999999996,1.503422526446795
all_to_all_graph1_n16_d0p7,16,0.7,10,0.07759999999999996,0.3005999999999999,3.8737113402061865
all_to_all_graph2_n16_d0p7,16,0.7,10,0.38709999999999994,0.4574,1.1816068199431673
all_to_all_graph3_n16_d0p7,16,0.7,10,0.16979999999999998,0.34199999999999997,2.0141342756183747
all_to_all_graph4_n16_d0p7,16,0.7,10,0.44089999999999996,0.6295999999999999,1.4279882059423905
all_to_all_graph5_n16_d0p7,16,0.7,10,0.4769,0.5153,1.0805200251625078
all_to_all_graph6_n16_d0p7,16,0.7,10,0.25129999999999997,0.2522,1.0035813768404298
all_to_all_graph7_n16_d0p7,16,0.7,10,0.16089999999999996,0.16109999999999997,1.0012430080795525
all_to_all_graph8_n16_d0p7,16,0.7,10,0.5894999999999999,0.6739999999999999,1.1433418150975403
all_to_all_graph9_n16_d0p7,16,0.7,10,0.37509999999999993,0.5488999999999999,1.4633431085043989
all_to_all_graph10_n16_d0p7,16,0.7,10,0.48230000000000006,0.6037999999999999,1.251917893427327
all_to_all_graph11_n16_d0p7,16,0.7,10,0.3518,0.5149999999999999,1.4638999431495165
all_to_all_graph12_n16_d0p7,16,0.7,10,0.07859999999999998,0.14799999999999996,1.8829516539440205
all_to_all_graph13_n16_d0p7,16,0.7,10,0.21149999999999997,0.42349999999999993,2.0023640661938535
all_to_all_graph14_n16_d0p7,16,0.7,10,0.14659999999999998,0.15569999999999998,1.0620736698499318
all_to_all_graph15_n16_d0p7,16,0.7,10,0.39139999999999997,0.5006999999999999,1.2792539601430761
all_to_all_graph16_n16_d0p7,16,0.7,10,0.7091,0.828,1.1676773374700324
all_to_all_graph17_n16_d0p7,16,0.7,10,0.23189999999999994,0.5321,2.2945235015092718
all_to_all_graph18_n16_d0p7,16,0.7,10,0.2171,0.2732,1.2584062643942884
all_to_all_graph19_n16_d0p7,16,0.7,10,0.3196,0.41269999999999996,1.291301627033792
all_to_all_graph0_n16_d0p9,16,0.9,10,0.4526,0.5902999999999999,1.3042421564295181
all_to_all_graph1_n16_d0p9,16,0.9,10,0.2946,0.3283999999999999,1.1147318397827561
all_to_all_graph2_n16_d0p9,16,0.9,10,0.43879999999999997,0.44749999999999995,1.0198268003646307
all_to_all_graph3_n16_d0p9,16,0.9,10,0.42210000000000003,0.6346999999999999,1.5036721156124138
all_to_all_graph4_n16_d0p9,16,0.9,10,0.1603,0.28209999999999996,1.7598253275109168
all_to_all_graph5_n16_d0p9,16,0.9,10,0.4696999999999999,0.5561999999999999,1.1841601021928891
all_to_all_graph6_n16_d0p9,16,0.9,10,0.19129999999999997,0.36419999999999997,1.903815995818087
all_to_all_graph7_n16_d0p9,16,0.9,10,0.2752,0.45489999999999997,1.6529796511627906
all_to_all_graph8_n16_d0p9,16,0.9,10,0.22989999999999994,0.23059999999999997,1.0030448020878644
all_to_all_graph9_n16_d0p9,16,0.9,10,0.13449999999999998,0.13449999999999998,1.0
all_to_all_graph10_n16_d0p9,16,0.9,10,0.315,0.6620999999999999,2.1019047619047617
all_to_all_graph11_n16_d0p9,16,0.9,10,0.24989999999999996,0.25389999999999996,1.0160064025610245
all_to_all_graph12_n16_d0p9,16,0.9,10,0.2925,0.34829999999999994,1.1907692307692306
all_to_all_graph13_n16_d0p9,16,0.9,10,0.25739999999999996,0.6424999999999998,2.4961149961149958
all_to_all_graph14_n16_d0p9,16,0.9,10,0.4061,0.6079999999999999,1.4971681851760645
all_to_all_graph15_n16_d0p9,16,0.9,10,0.752,0.8055999999999999,1.0712765957446806
all_to_all_graph16_n16_d0p9,16,0.9,10,0.5455,0.6557999999999999,1.2021998166819432
all_to_all_graph17_n16_d0p9,16,0.9,10,0.4566,0.481,1.0534384581690757
all_to_all_graph18_n16_d0p9,16,0.9,10,0.28279999999999994,0.46579999999999994,1.6471004243281473
all_to_all_graph19_n16_d0p9,16,0.9,10,0.23459999999999998,0.3016,1.2855924978687128
all_to_all_graph0_n32_d0p1,32,0.1,10,0.02599999999999996,0.040199999999999944,1.5461538461538464
all_to_all_graph1_n32_d0p1,32,0.1,10,0.08339999999999995,0.10309999999999997,1.2362110311750605
all_to_all_graph2_n32_d0p1,32,0.1,10,0.023399999999999952,0.03609999999999998,1.542735042735045
all_to_all_graph3_n32_d0p1,32,0.1,10,0.01709999999999997,0.06849999999999998,4.00584795321638
all_to_all_graph4_n32_d0p1,32,0.1,10,0.02259999999999998,0.07359999999999996,3.2566371681415935
all_to_all_graph5_n32_d0p1,32,0.1,10,0.02659999999999999,0.044899999999999954,1.6879699248120288
all_to_all_graph6_n32_d0p1,32,0.1,10,0.013799999999999951,0.01539999999999996,1.1159420289855084
all_to_all_graph7_n32_d0p1,32,0.1,10,0.00379999999999999,0.00909999999999996,2.3947368421052593
all_to_all_graph8_n32_d0p1,32,0.1,10,0.05329999999999996,0.07819999999999995,1.4671669793621016
all_to_all_graph9_n32_d0p1,32,0.1,10,0.02699999999999997,0.04419999999999996,1.6370370370370375
all_to_all_graph10_n32_d0p1,32,0.1,10,0.02639999999999997,0.043299999999999936,1.6401515151515147
all_to_all_graph11_n32_d0p1,32,0.1,10,0.05289999999999998,0.09119999999999998,1.724007561436673
all_to_all_graph12_n32_d0p1,32,0.1,10,0.041699999999999945,0.06299999999999996,1.5107913669064759
all_to_all_graph13_n32_d0p1,32,0.1,10,0.047599999999999955,0.06119999999999998,1.2857142857142865
all_to_all_graph14_n32_d0p1,32,0.1,10,0.02839999999999999,0.05309999999999994,1.8697183098591534
all_to_all_graph15_n32_d0p1,32,0.1,10,0.01739999999999996,0.029299999999999972,1.6839080459770137
all_to_all_graph16_n32_d0p1,32,0.1,10,0.028299999999999992,0.057599999999999964,2.0353356890459358
all_to_all_graph17_n32_d0p1,32,0.1,10,0.10429999999999998,0.11339999999999999,1.0872483221476512
all_to_all_graph18_n32_d0p1,32,0.1,10,0.02269999999999998,0.025499999999999974,1.1233480176211452
all_to_all_graph19_n32_d0p1,32,0.1,10,0.11159999999999999,0.12940000000000002,1.1594982078853049
all_to_all_graph0_n32_d0p3,32,0.3,10,0.22369999999999993,0.39869999999999994,1.7822977201609302
all_to_all_graph1_n32_d0p3,32,0.3,10,0.17219999999999996,0.26039999999999996,1.5121951219512195
all_to_all_graph2_n32_d0p3,32,0.3,10,0.1604,0.21009999999999995,1.3098503740648377
all_to_all_graph3_n32_d0p3,32,0.3,10,0.05139999999999996,0.05269999999999995,1.0252918287937742
all_to_all_graph4_n32_d0p3,32,0.3,10,0.08849999999999994,0.1256,1.4192090395480235
all_to_all_graph5_n32_d0p3,32,0.3,10,0.11879999999999998,0.23169999999999996,1.9503367003367005
all_to_all_graph6_n32_d0p3,32,0.3,10,0.06759999999999997,0.08629999999999996,1.2766272189349113
all_to_all_graph7_n32_d0p3,32,0.3,10,0.1581,0.19649999999999995,1.2428842504743831
all_to_all_graph8_n32_d0p3,32,0.3,10,0.09109999999999997,0.12979999999999997,1.424807903402854
all_to_all_graph9_n32_d0p3,32,0.3,10,0.16409999999999997,0.18,1.096892138939671
all_to_all_graph10_n32_d0p3,32,0.3,10,0.15309999999999996,0.20099999999999998,1.3128674069235795
all_to_all_graph11_n32_d0p3,32,0.3,10,0.08539999999999998,0.10149999999999999,1.1885245901639347
all_to_all_graph12_n32_d0p3,32,0.3,10,0.14899999999999997,0.19149999999999998,1.2852348993288591
all_to_all_graph13_n32_d0p3,32,0.3,10,0.18989999999999996,0.26609999999999995,1.401263823064771
all_to_all_graph14_n32_d0p3,32,0.3,10,0.09229999999999995,0.10880000000000001,1.1787648970747568
all_to_all_graph15_n32_d0p3,32,0.3,10,0.09999999999999998,0.1402,1.4020000000000001
all_to_all_graph16_n32_d0p3,32,0.3,10,0.14959999999999996,0.1911,1.2774064171122999
all_to_all_graph17_n32_d0p3,32,0.3,10,0.02489999999999997,0.026799999999999942,1.076305220883533
all_to_all_graph18_n32_d0p3,32,0.3,10,0.10499999999999998,0.1425,1.3571428571428572
all_to_all_graph19_n32_d0p3,32,0.3,10,0.05799999999999996,0.09689999999999996,1.6706896551724142
all_to_all_graph0_n32_d0p5,32,0.5,10,0.22689999999999996,0.32739999999999997,1.4429263992948436
all_to_all_graph1_n32_d0p5,32,0.5,10,0.2791,0.3833,1.3733428878538156
all_to_all_graph2_n32_d0p5,32,0.5,10,0.18199999999999997,0.3886,2.1351648351648356
all_to_all_graph3_n32_d0p5,32,0.5,10,0.16769999999999996,0.18659999999999996,1.112701252236136
all_to_all_graph4_n32_d0p5,32,0.5,10,0.12929999999999992,0.16239999999999993,1.2559938128383608
all_to_all_graph5_n32_d0p5,32,0.5,10,0.18769999999999995,0.27149999999999996,1.4464571124134258
all_to_all_graph6_n32_d0p5,32,0.5,10,0.01499999999999998,0.04149999999999998,2.766666666666669
all_to_all_graph7_n32_d0p5,32,0.5,10,0.16959999999999997,0.24739999999999998,1.4587264150943398
all_to_all_graph8_n32_d0p5,32,0.5,10,0.17009999999999997,0.2799999999999999,1.6460905349794237
all_to_all_graph9_n32_d0p5,32,0.5,10,0.08759999999999998,0.2231,2.546803652968037
all_to_all_graph10_n32_d0p5,32,0.5,10,0.11709999999999995,0.2049,1.749786507258754
all_to_all_graph11_n32_d0p5,32,0.5,10,0.04459999999999998,0.06719999999999995,1.5067264573991028
all_to_all_graph12_n32_d0p5,32,0.5,10,0.1391,0.17109999999999995,1.230050323508267
all_to_all_graph13_n32_d0p5,32,0.5,10,0.03539999999999997,0.08969999999999996,2.5338983050847466
all_to_all_graph14_n32_d0p5,32,0.5,10,0.02,0.06539999999999994,3.2699999999999974
all_to_all_graph15_n32_d0p5,32,0.5,10,0.05079999999999997,0.15159999999999998,2.9842519685039384
all_to_all_graph16_n32_d0p5,32,0.5,10,0.18549999999999997,0.3237,1.745013477088949
all_to_all_graph17_n32_d0p5,32,0.5,10,0.1586,0.2332,1.4703656998738965
all_to_all_graph18_n32_d0p5,32,0.5,10,0.4417999999999999,0.6074999999999999,1.3750565866908104
all_to_all_graph19_n32_d0p5,32,0.5,10,0.2889,0.29879999999999995,1.0342679127725856
all_to_all_graph0_n32_d0p7,32,0.7,10,0.42349999999999993,0.4896999999999999,1.1563164108618653
all_to_all_graph1_n32_d0p7,32,0.7,10,0.22000000000000003,0.3633999999999999,1.6518181818181812
all_to_all_graph2_n32_d0p7,32,0.7,10,0.2129,0.49349999999999994,2.317989666510098
all_to_all_graph3_n32_d0p7,32,0.7,10,0.1381,0.1901,1.3765387400434468
all_to_all_graph4_n32_d0p7,32,0.7,10,0.18369999999999997,0.22749999999999995,1.2384322264561785
all_to_all_graph5_n32_d0p7,32,0.7,10,0.08739999999999999,0.16879999999999998,1.931350114416476
all_to_all_graph6_n32_d0p7,32,0.7,10,0.20299999999999993,0.2909,1.4330049261083748
all_to_all_graph7_n32_d0p7,32,0.7,10,0.15629999999999994,0.24659999999999999,1.5777351247600773
all_to_all_graph8_n32_d0p7,32,0.7,10,0.09739999999999997,0.15409999999999996,1.5821355236139631
all_to_all_graph9_n32_d0p7,32,0.7,10,0.1049,0.11529999999999999,1.0991420400381315
all_to_all_graph10_n32_d0p7,32,0.7,10,0.1599,0.29510000000000003,1.8455284552845532
all_to_all_graph11_n32_d0p7,32,0.7,10,0.1477,0.1664,1.126607989167231
all_to_all_graph12_n32_d0p7,32,0.7,10,0.09249999999999996,0.12049999999999998,1.3027027027027032
all_to_all_graph13_n32_d0p7,32,0.7,10,0.07829999999999994,0.11039999999999994,1.4099616858237551
all_to_all_graph14_n32_d0p7,32,0.7,10,0.13759999999999994,0.2346,1.704941860465117
all_to_all_graph15_n32_d0p7,32,0.7,10,0.17629999999999998,0.2448,1.3885422575155986
all_to_all_graph16_n32_d0p7,32,0.7,10,0.09949999999999999,0.25389999999999996,2.551758793969849
all_to_all_graph17_n32_d0p7,32,0.7,10,0.08709999999999997,0.12029999999999999,1.3811710677382323
all_to_all_graph18_n32_d0p7,32,0.7,10,0.12159999999999997,0.14979999999999996,1.231907894736842
all_to_all_graph19_n32_d0p7,32,0.7,10,0.12349999999999998,0.1517,1.22834008097166
all_to_all_graph0_n32_d0p9,32,0.9,10,0.2042,0.2551,1.2492654260528893
all_to_all_graph1_n32_d0p9,32,0.9,10,0.06999999999999999,0.08639999999999995,1.2342857142857138
all_to_all_graph2_n32_d0p9,32,0.9,10,0.13219999999999998,0.236,1.7851739788199699
all_to_all_graph3_n32_d0p9,32,0.9,10,0.12909999999999996,0.16629999999999998,1.2881487219209917
all_to_all_graph4_n32_d0p9,32,0.9,10,0.21119999999999997,0.24749999999999997,1.171875
all_to_all_graph5_n32_d0p9,32,0.9,10,0.1742,0.20929999999999996,1.2014925373134326
all_to_all_graph6_n32_d0p9,32,0.9,10,0.1566,0.18629999999999997,1.189655172413793
all_to_all_graph7_n32_d0p9,32,0.9,10,0.02289999999999997,0.03769999999999996,1.6462882096069875
all_to_all_graph8_n32_d0p9,32,0.9,10,0.16709999999999997,0.18069999999999997,1.0813883901855177
all_to_all_graph9_n32_d0p9,32,0.9,10,0.14389999999999997,0.15439999999999995,1.072967338429465
all_to_all_graph10_n32_d0p9,32,0.9,10,0.11559999999999997,0.13409999999999997,1.1600346020761247
all_to_all_graph11_n32_d0p9,32,0.9,10,0.061099999999999974,0.08519999999999997,1.3944353518821606
all_to_all_graph12_n32_d0p9,32,0.9,10,0.16989999999999997,0.3055999999999999,1.7987051206592113
all_to_all_graph13_n32_d0p9,32,0.9,10,0.15519999999999995,0.18739999999999998,1.207474226804124
all_to_all_graph14_n32_d0p9,32,0.9,10,0.34459999999999996,0.4755999999999999,1.3801508995937317
all_to_all_graph15_n32_d0p9,32,0.9,10,0.04509999999999996,0.05819999999999995,1.2904656319290466
all_to_all_graph16_n32_d0p9,32,0.9,10,0.2271,0.2758,1.2144429766622633
all_to_all_graph17_n32_d0p9,32,0.9,10,0.10059999999999995,0.10979999999999997,1.0914512922465212
all_to_all_graph18_n32_d0p9,32,0.9,10,0.04989999999999995,0.13319999999999996,2.669338677354711
all_to_all_graph19_n32_d0p9,32,0.9,10,0.12659999999999996,0.1674,1.3222748815165881
all_to_all_graph0_n48_d0p1,48,0.1,10,0.06129999999999998,0.09089999999999997,1.4828711256117455
all_to_all_graph1_n48_d0p1,48,0.1,10,0.02459999999999998,0.035199999999999954,1.4308943089430888
all_to_all_graph2_n48_d0p1,48,0.1,10,0.01609999999999996,0.01869999999999996,1.161490683229814
all_to_all_graph3_n48_d0p1,48,0.1,10,0.01789999999999997,0.02419999999999994,1.3519553072625687
all_to_all_graph4_n48_d0p1,48,0.1,10,0.00939999999999996,0.012599999999999969,1.3404255319148959
all_to_all_graph5_n48_d0p1,48,0.1,10,0.06679999999999998,0.15609999999999996,2.336826347305389
all_to_all_graph6_n48_d0p1,48,0.1,10,0.03839999999999995,0.05589999999999997,1.4557291666666679
all_to_all_graph7_n48_d0p1,48,0.1,10,0.01949999999999994,0.03139999999999996,1.6102564102564132
all_to_all_graph8_n48_d0p1,48,0.1,10,0.01149999999999996,0.032699999999999965,2.843478260869572
all_to_all_graph9_n48_d0p1,48,0.1,10,0.02719999999999998,0.03129999999999995,1.150735294117646
all_to_all_graph10_n48_d0p1,48,0.1,10,0.03719999999999995,0.05019999999999995,1.3494623655913984
all_to_all_graph11_n48_d0p1,48,0.1,10,0.01089999999999999,0.02149999999999999,1.9724770642201845
all_to_all_graph12_n48_d0p1,48,0.1,10,0.02409999999999998,0.03919999999999995,1.6265560165975097
all_to_all_graph13_n48_d0p1,48,0.1,10,0.010299999999999952,0.01229999999999999,1.194174757281558
all_to_all_graph14_n48_d0p1,48,0.1,10,0.01349999999999996,0.03019999999999997,2.2370370370370414
all_to_all_graph15_n48_d0p1,48,0.1,10,0.00579999999999999,0.0075999999999999705,1.310344827586204
all_to_all_graph16_n48_d0p1,48,0.1,10,0.02539999999999997,0.03569999999999998,1.4055118110236229
all_to_all_graph17_n48_d0p1,48,0.1,10,0.00979999999999996,0.013899999999999971,1.4183673469387783
all_to_all_graph18_n48_d0p1,48,0.1,10,0.02869999999999997,0.03829999999999995,1.3344947735191635
all_to_all_graph19_n48_d0p1,48,0.1,10,0.00789999999999999,0.01089999999999993,1.379746835443031
all_to_all_graph0_n48_d0p3,48,0.3,10,0.043399999999999925,0.07139999999999994,1.645161290322582
all_to_all_graph1_n48_d0p3,48,0.3,10,0.04709999999999996,0.07939999999999998,1.6857749469214447
all_to_all_graph2_n48_d0p3,48,0.3,10,0.015699999999999992,0.02239999999999995,1.4267515923566856
all_to_all_graph3_n48_d0p3,48,0.3,10,0.11399999999999999,0.1576,1.3824561403508773
all_to_all_graph4_n48_d0p3,48,0.3,10,0.07329999999999996,0.11199999999999996,1.527967257844475
all_to_all_graph5_n48_d0p3,48,0.3,10,0.03739999999999996,0.07449999999999997,1.9919786096256697
all_to_all_graph6_n48_d0p3,48,0.3,10,0.060299999999999986,0.06719999999999995,1.114427860696517
all_to_all_graph7_n48_d0p3,48,0.3,10,0.08319999999999995,0.13509999999999997,1.6237980769230775
all_to_all_graph8_n48_d0p3,48,0.3,10,0.13179999999999997,0.23149999999999996,1.7564491654021244
all_to_all_graph9_n48_d0p3,48,0.3,10,0.025699999999999973,0.03719999999999996,1.4474708171206225
all_to_all_graph10_n48_d0p3,48,0.3,10,0.02249999999999999,0.03719999999999994,1.6533333333333315
all_to_all_graph11_n48_d0p3,48,0.3,10,0.02069999999999996,0.04149999999999997,2.0048309178743984
all_to_all_graph12_n48_d0p3,48,0.3,10,0.02729999999999998,0.050299999999999956,1.8424908424908422
all_to_all_graph13_n48_d0p3,48,0.3,10,0.09019999999999997,0.13529999999999998,1.5000000000000002
all_to_all_graph14_n48_d0p3,48,0.3,10,0.03829999999999999,0.046299999999999966,1.2088772845952998
all_to_all_graph15_n48_d0p3,48,0.3,10,0.06149999999999996,0.15069999999999997,2.450406504065042
all_to_all_graph16_n48_d0p3,48,0.3,10,0.07499999999999996,0.09649999999999997,1.286666666666667
all_to_all_graph17_n48_d0p3,48,0.3,10,0.053799999999999945,0.05789999999999995,1.076208178438662
all_to_all_graph18_n48_d0p3,48,0.3,10,0.041499999999999954,0.06539999999999994,1.5759036144578318
all_to_all_graph19_n48_d0p3,48,0.3,10,0.03869999999999998,0.08329999999999996,2.152454780361757
all_to_all_graph0_n48_d0p5,48,0.5,10,0.03819999999999995,0.04189999999999995,1.0968586387434556
all_to_all_graph1_n48_d0p5,48,0.5,10,0.07919999999999994,0.14899999999999997,1.8813131313131324
all_to_all_graph2_n48_d0p5,48,0.5,10,0.037999999999999964,0.04379999999999997,1.1526315789473687
all_to_all_graph3_n48_d0p5,48,0.5,10,0.05519999999999996,0.12209999999999996,2.2119565217391313
all_to_all_graph4_n48_d0p5,48,0.5,10,0.09219999999999996,0.14259999999999998,1.5466377440347074
all_to_all_graph5_n48_d0p5,48,0.5,10,0.08699999999999997,0.11719999999999997,1.3471264367816094
all_to_all_graph6_n48_d0p5,48,0.5,10,0.03169999999999994,0.044299999999999964,1.397476340694008
all_to_all_graph7_n48_d0p5,48,0.5,10,0.04689999999999998,0.07189999999999995,1.5330490405117265
all_to_all_graph8_n48_d0p5,48,0.5,10,0.03419999999999997,0.040599999999999956,1.1871345029239764
all_to_all_graph9_n48_d0p5,48,0.5,10,0.014999999999999972,0.030699999999999984,2.0466666666666695
all_to_all_graph10_n48_d0p5,48,0.5,10,0.27699999999999997,0.33149999999999996,1.1967509025270757
all_to_all_graph11_n48_d0p5,48,0.5,10,0.05549999999999994,0.06999999999999998,1.2612612612612624
all_to_all_graph12_n48_d0p5,48,0.5,10,0.07399999999999995,0.1313,1.7743243243243254
all_to_all_graph13_n48_d0p5,48,0.5,10,0.07839999999999997,0.12319999999999995,1.5714285714285714
all_to_all_graph14_n48_d0p5,48,0.5,10,0.08639999999999998,0.18439999999999995,2.134259259259259
all_to_all_graph15_n48_d0p5,48,0.5,10,0.1689,0.24779999999999996,1.467140319715808
all_to_all_graph16_n48_d0p5,48,0.5,10,0.07839999999999998,0.11019999999999999,1.4056122448979593
all_to_all_graph17_n48_d0p5,48,0.5,10,0.01839999999999998,0.02529999999999998,1.3750000000000004
all_to_all_graph18_n48_d0p5,48,0.5,10,0.1662,0.3787,2.278580024067389
all_to_all_graph19_n48_d0p5,48,0.5,10,0.13179999999999997,0.18139999999999998,1.3763277693474962
all_to_all_graph0_n48_d0p7,48,0.7,10,0.06059999999999999,0.08119999999999995,1.3399339933993395
all_to_all_graph1_n48_d0p7,48,0.7,10,0.06259999999999999,0.09169999999999996,1.4648562300319485
all_to_all_graph2_n48_d0p7,48,0.7,10,0.11309999999999995,0.18739999999999998,1.656940760389037
all_to_all_graph3_n48_d0p7,48,0.7,10,0.059999999999999956,0.09389999999999997,1.5650000000000006
all_to_all_graph4_n48_d0p7,48,0.7,10,0.09889999999999996,0.1316,1.3306370070778568
all_to_all_graph5_n48_d0p7,48,0.7,10,0.08169999999999995,0.17139999999999997,2.0979192166462677
all_to_all_graph6_n48_d0p7,48,0.7,10,0.03329999999999996,0.06009999999999999,1.8048048048048064
all_to_all_graph7_n48_d0p7,48,0.7,10,0.06229999999999995,0.08449999999999992,1.3563402889245584
all_to_all_graph8_n48_d0p7,48,0.7,10,0.17339999999999997,0.27769999999999995,1.6014994232987312
all_to_all_graph9_n48_d0p7,48,0.7,10,0.07039999999999998,0.1548,2.198863636363637
all_to_all_graph10_n48_d0p7,48,0.7,10,0.07599999999999996,0.08679999999999996,1.142105263157895
all_to_all_graph11_n48_d0p7,48,0.7,10,0.18639999999999998,0.2138,1.1469957081545066
all_to_all_graph12_n48_d0p7,48,0.7,10,0.12159999999999997,0.1797,1.4777960526315792
all_to_all_graph13_n48_d0p7,48,0.7,10,0.05909999999999995,0.09249999999999997,1.5651438240270736
all_to_all_graph14_n48_d0p7,48,0.7,10,0.18679999999999994,0.21729999999999997,1.1632762312633835
all_to_all_graph15_n48_d0p7,48,0.7,10,0.07669999999999996,0.14309999999999995,1.865710560625815
all_to_all_graph16_n48_d0p7,48,0.7,10,0.08299999999999999,0.10079999999999996,1.214457831325301
all_to_all_graph17_n48_d0p7,48,0.7,10,0.04239999999999999,0.09519999999999995,2.245283018867924
all_to_all_graph18_n48_d0p7,48,0.7,10,0.03009999999999995,0.03859999999999996,1.282392026578074
all_to_all_graph19_n48_d0p7,48,0.7,10,0.2061,0.30599999999999994,1.4847161572052399
all_to_all_graph0_n48_d0p9,48,0.9,10,0.19970000000000002,0.32309999999999994,1.6179268903355029
all_to_all_graph1_n48_d0p9,48,0.9,10,0.09919999999999997,0.119,1.1995967741935487
all_to_all_graph2_n48_d0p9,48,0.9,10,0.15019999999999994,0.26549999999999996,1.767643142476698
all_to_all_graph3_n48_d0p9,48,0.9,10,0.12099999999999997,0.144,1.1900826446280994
all_to_all_graph4_n48_d0p9,48,0.9,10,0.14889999999999998,0.2502,1.6803223640026865
all_to_all_graph5_n48_d0p9,48,0.9,10,0.05009999999999994,0.11639999999999998,2.323353293413176
all_to_all_graph6_n48_d0p9,48,0.9,10,0.05699999999999998,0.11489999999999997,2.015789473684211
all_to_all_graph7_n48_d0p9,48,0.9,10,0.07889999999999997,0.12749999999999997,1.6159695817490498
all_to_all_graph8_n48_d0p9,48,0.9,10,0.09259999999999999,0.12099999999999997,1.3066954643628508
all_to_all_graph9_n48_d0p9,48,0.9,10,0.10919999999999996,0.15009999999999996,1.3745421245421245
all_to_all_graph10_n48_d0p9,48,0.9,10,0.07779999999999998,0.12069999999999999,1.5514138817480723
all_to_all_graph11_n48_d0p9,48,0.9,10,0.09299999999999994,0.14399999999999996,1.5483870967741942
all_to_all_graph12_n48_d0p9,48,0.9,10,0.06559999999999994,0.08119999999999997,1.2378048780487811
all_to_all_graph13_n48_d0p9,48,0.9,10,0.03959999999999993,0.05199999999999995,1.3131313131313143
all_to_all_graph14_n48_d0p9,48,0.9,10,0.01239999999999998,0.038099999999999926,3.072580645161289
all_to_all_graph15_n48_d0p9,48,0.9,10,0.09649999999999997,0.1538,1.5937823834196894
all_to_all_graph16_n48_d0p9,48,0.9,10,0.19569999999999999,0.2945,1.5048543689320388
all_to_all_graph17_n48_d0p9,48,0.9,10,0.06449999999999995,0.07249999999999997,1.1240310077519384
all_to_all_graph18_n48_d0p9,48,0.9,10,0.05959999999999995,0.06949999999999998,1.166107382550336
all_to_all_graph19_n48_d0p9,48,0.9,10,0.24020000000000002,0.3818,1.5895087427144043
all_to_all_graph0_n64_d0p1,64,0.1,10,0.01699999999999997,0.02499999999999995,1.4705882352941173
all_to_all_graph1_n64_d0p1,64,0.1,10,0.0036999999999999997,0.01249999999999999,3.378378378378376
all_to_all_graph2_n64_d0p1,64,0.1,10,0.029200000000000004,0.03829999999999995,1.3116438356164366
all_to_all_graph3_n64_d0p1,64,0.1,10,0.00599999999999998,0.00959999999999999,1.6000000000000036
all_to_all_graph4_n64_d0p1,64,0.1,10,0.01329999999999995,0.02129999999999998,1.6015037593985006
all_to_all_graph5_n64_d0p1,64,0.1,10,0.0016,0.0031,1.9374999999999998
all_to_all_graph6_n64_d0p1,64,0.1,10,0.00969999999999996,0.013399999999999971,1.3814432989690748
all_to_all_graph7_n64_d0p1,64,0.1,10,0.018799999999999963,0.03789999999999996,2.0159574468085126
all_to_all_graph8_n64_d0p1,64,0.1,10,0.01399999999999997,0.018699999999999974,1.3357142857142865
all_to_all_graph9_n64_d0p1,64,0.1,10,0.0019,0.00639999999999998,3.3684210526315685
all_to_all_graph10_n64_d0p1,64,0.1,10,0.00789999999999999,0.01319999999999997,1.6708860759493653
all_to_all_graph11_n64_d0p1,64,0.1,10,0.0038,0.00789999999999997,2.0789473684210447
all_to_all_graph12_n64_d0p1,64,0.1,10,0.0038999999999999903,0.0052999999999999905,1.35897435897436
all_to_all_graph13_n64_d0p1,64,0.1,10,0.01679999999999996,0.01989999999999997,1.1845238095238104
all_to_all_graph14_n64_d0p1,64,0.1,10,0.006199999999999981,0.00859999999999996,1.3870967741935463
all_to_all_graph15_n64_d0p1,64,0.1,10,0.01179999999999997,0.01909999999999995,1.61864406779661
all_to_all_graph16_n64_d0p1,64,0.1,10,0.00799999999999997,0.01139999999999997,1.4250000000000014
all_to_all_graph17_n64_d0p1,64,0.1,10,0.0055999999999999705,0.015999999999999952,2.8571428571428634
all_to_all_graph18_n64_d0p1,64,0.1,10,0.00829999999999998,0.01009999999999997,1.2168674698795174
all_to_all_graph19_n64_d0p1,64,0.1,10,0.01739999999999996,0.02619999999999998,1.5057471264367839
all_to_all_graph0_n64_d0p3,64,0.3,10,0.01139999999999995,0.01559999999999995,1.3684210526315805
all_to_all_graph1_n64_d0p3,64,0.3,10,0.03059999999999997,0.06789999999999997,2.2189542483660145
all_to_all_graph2_n64_d0p3,64,0.3,10,0.01209999999999998,0.023499999999999983,1.9421487603305803
all_to_all_graph3_n64_d0p3,64,0.3,10,0.03559999999999996,0.04769999999999996,1.3398876404494386
all_to_all_graph4_n64_d0p3,64,0.3,10,0.005199999999999981,0.01429999999999997,2.7500000000000044
all_to_all_graph5_n64_d0p3,64,0.3,10,0.10679999999999998,0.21319999999999997,1.9962546816479403
all_to_all_graph6_n64_d0p3,64,0.3,10,0.01239999999999997,0.043299999999999964,3.4919354838709733
all_to_all_graph7_n64_d0p3,64,0.3,10,0.008199999999999982,0.01789999999999997,2.182926829268294
all_to_all_graph8_n64_d0p3,64,0.3,10,0.026499999999999968,0.03309999999999998,1.2490566037735855
all_to_all_graph9_n64_d0p3,64,0.3,10,0.04419999999999995,0.09149999999999996,2.0701357466063364
all_to_all_graph10_n64_d0p3,64,0.3,10,0.06469999999999995,0.10889999999999993,1.6831530139103557
all_to_all_graph11_n64_d0p3,64,0.3,10,0.026299999999999962,0.050299999999999956,1.9125475285171114
all_to_all_graph12_n64_d0p3,64,0.3,10,0.01789999999999998,0.04419999999999995,2.46927374301676
all_to_all_graph13_n64_d0p3,64,0.3,10,0.02909999999999997,0.05819999999999994,2.0
all_to_all_graph14_n64_d0p3,64,0.3,10,0.05069999999999997,0.08589999999999995,1.6942800788954635
all_to_all_graph15_n64_d0p3,64,0.3,10,0.03209999999999996,0.04899999999999998,1.5264797507788175
all_to_all_graph16_n64_d0p3,64,0.3,10,0.0107,0.02029999999999995,1.8971962616822384
all_to_all_graph17_n64_d0p3,64,0.3,10,0.025299999999999972,0.05069999999999995,2.003952569169961
all_to_all_graph18_n64_d0p3,64,0.3,10,0.02269999999999995,0.04149999999999995,1.8281938325991207
all_to_all_graph19_n64_d0p3,64,0.3,10,0.06429999999999995,0.10639999999999998,1.6547433903576991
all_to_all_graph0_n64_d0p5,64,0.5,10,0.02039999999999998,0.045999999999999944,2.2549019607843133
all_to_all_graph1_n64_d0p5,64,0.5,10,0.030299999999999994,0.05509999999999994,1.8184818481848168
all_to_all_graph2_n64_d0p5,64,0.5,10,0.00569999999999999,0.00889999999999997,1.5614035087719274
all_to_all_graph3_n64_d0p5,64,0.5,10,0.05529999999999996,0.15709999999999996,2.840867992766728
all_to_all_graph4_n64_d0p5,64,0.5,10,0.028799999999999982,0.07619999999999996,2.6458333333333335
all_to_all_graph5_n64_d0p5,64,0.5,10,0.044299999999999964,0.07509999999999999,1.6952595936794592
all_to_all_graph6_n64_d0p5,64,0.5,10,0.02569999999999998,0.07739999999999994,3.0116731517509727
all_to_all_graph7_n64_d0p5,64,0.5,10,0.016699999999999958,0.060499999999999964,3.622754491017971
all_to_all_graph8_n64_d0p5,64,0.5,10,0.02149999999999998,0.04489999999999996,2.088372093023256
all_to_all_graph9_n64_d0p5,64,0.5,10,0.06599999999999996,0.10189999999999999,1.5439393939393946
all_to_all_graph10_n64_d0p5,64,0.5,10,0.03979999999999996,0.09239999999999997,2.3216080402010064
all_to_all_graph11_n64_d0p5,64,0.5,10,0.01119999999999997,0.03219999999999998,2.8750000000000058
all_to_all_graph12_n64_d0p5,64,0.5,10,0.026299999999999952,0.06069999999999996,2.3079847908745275
all_to_all_graph13_n64_d0p5,64,0.5,10,0.10089999999999996,0.18009999999999998,1.7849355797819628
all_to_all_graph14_n64_d0p5,64,0.5,10,0.025699999999999952,0.05759999999999993,2.241245136186772
all_to_all_graph15_n64_d0p5,64,0.5,10,0.13229999999999997,0.23539999999999997,1.779289493575208
all_to_all_graph16_n64_d0p5,64,0.5,10,0.07719999999999996,0.10859999999999996,1.406735751295337
all_to_all_graph17_n64_d0p5,64,0.5,10,0.04869999999999997,0.08809999999999994,1.8090349075975358
all_to_all_graph18_n64_d0p5,64,0.5,10,0.01389999999999999,0.039999999999999966,2.877697841726618
all_to_all_graph19_n64_d0p5,64,0.5,10,0.030399999999999962,0.07629999999999995,2.509868421052633
all_to_all_graph0_n64_d0p7,64,0.7,10,0.11999999999999995,0.17069999999999996,1.4225000000000003
all_to_all_graph1_n64_d0p7,64,0.7,10,0.17549999999999996,0.31999999999999995,1.8233618233618234
all_to_all_graph2_n64_d0p7,64,0.7,10,0.03629999999999995,0.08509999999999993,2.344352617079891
all_to_all_graph3_n64_d0p7,64,0.7,10,0.04179999999999998,0.09569999999999997,2.2894736842105265
all_to_all_graph4_n64_d0p7,64,0.7,10,0.10369999999999997,0.15759999999999993,1.5197685631629698
all_to_all_graph5_n64_d0p7,64,0.7,10,0.02149999999999997,0.035899999999999946,1.6697674418604649
all_to_all_graph6_n64_d0p7,64,0.7,10,0.061999999999999944,0.08849999999999995,1.4274193548387102
all_to_all_graph7_n64_d0p7,64,0.7,10,0.0769,0.12889999999999996,1.676202860858257
all_to_all_graph8_n64_d0p7,64,0.7,10,0.06499999999999995,0.1276,1.9630769230769245
all_to_all_graph9_n64_d0p7,64,0.7,10,0.12639999999999998,0.20779999999999993,1.6439873417721516
all_to_all_graph10_n64_d0p7,64,0.7,10,0.060499999999999964,0.10359999999999996,1.7123966942148763
all_to_all_graph11_n64_d0p7,64,0.7,10,0.024599999999999962,0.06959999999999993,2.829268292682928
all_to_all_graph12_n64_d0p7,64,0.7,10,0.03399999999999998,0.05919999999999996,1.741176470588235
all_to_all_graph13_n64_d0p7,64,0.7,10,0.05769999999999992,0.10979999999999998,1.9029462738301584
all_to_all_graph14_n64_d0p7,64,0.7,10,0.048499999999999974,0.08009999999999998,1.6515463917525777
all_to_all_graph15_n64_d0p7,64,0.7,10,0.04399999999999996,0.08429999999999999,1.9159090909090921
all_to_all_graph16_n64_d0p7,64,0.7,10,0.10359999999999996,0.1615,1.5588803088803096
all_to_all_graph17_n64_d0p7,64,0.7,10,0.044099999999999986,0.09499999999999996,2.154195011337868
all_to_all_graph18_n64_d0p7,64,0.7,10,0.16770000000000002,0.2546,1.5181872391174716
all_to_all_graph19_n64_d0p7,64,0.7,10,0.029299999999999972,0.07179999999999997,2.450511945392493
all_to_all_graph0_n64_d0p9,64,0.9,10,0.02999999999999995,0.05809999999999994,1.936666666666668
all_to_all_graph1_n64_d0p9,64,0.9,10,0.13849999999999996,0.2532,1.8281588447653434
all_to_all_graph2_n64_d0p9,64,0.9,10,0.03469999999999995,0.07569999999999995,2.1815561959654195
all_to_all_graph3_n64_d0p9,64,0.9,10,0.06819999999999996,0.15639999999999996,2.2932551319648105
all_to_all_graph4_n64_d0p9,64,0.9,10,0.06989999999999999,0.1243,1.7782546494992848
all_to_all_graph5_n64_d0p9,64,0.9,10,0.11019999999999996,0.15879999999999997,1.4410163339382942
all_to_all_graph6_n64_d0p9,64,0.9,10,0.05189999999999998,0.11359999999999996,2.188824662813102
all_to_all_graph7_n64_d0p9,64,0.9,10,0.13719999999999996,0.17529999999999998,1.2776967930029157
all_to_all_graph8_n64_d0p9,64,0.9,10,0.051099999999999965,0.08969999999999997,1.755381604696674
all_to_all_graph9_n64_d0p9,64,0.9,10,0.06809999999999997,0.10109999999999994,1.4845814977973566
all_to_all_graph10_n64_d0p9,64,0.9,10,0.04069999999999998,0.06839999999999997,1.6805896805896807
all_to_all_graph11_n64_d0p9,64,0.9,10,0.15029999999999993,0.26369999999999993,1.7544910179640723
all_to_all_graph12_n64_d0p9,64,0.9,10,0.04259999999999995,0.10409999999999997,2.443661971830988
all_to_all_graph13_n64_d0p9,64,0.9,10,0.06159999999999995,0.09339999999999997,1.5162337662337668
all_to_all_graph14_n64_d0p9,64,0.9,10,0.03069999999999996,0.06629999999999996,2.159609120521174
all_to_all_graph15_n64_d0p9,64,0.9,10,0.01159999999999997,0.02879999999999997,2.4827586206896592
all_to_all_graph16_n64_d0p9,64,0.9,10,0.024599999999999973,0.04849999999999996,1.971544715447155
all_to_all_graph17_n64_d0p9,64,0.9,10,0.04529999999999995,0.09349999999999999,2.064017660044152
all_to_all_graph18_n64_d0p9,64,0.9,10,0.09579999999999998,0.15709999999999996,1.639874739039666
all_to_all_graph19_n64_d0p9,64,0.9,10,0.13319999999999999,0.24820000000000003,1.8633633633633637
