seed,gradient_descent_only_H,sis_elp_H,pi_elp_H
0,-2742,-2742,-3184
1,-2918,-3046,-2880
2,-2748,-3032,-2804
3,-2874,-2874,-3294
4,-2868,-2868,-2880
5,-2864,-2864,-3286
6,-2892,-2718,-3294
7,-3108,-3108,-3026
8,-2714,-2776,-3184
9,-3080,-3080,-2744
10,-3068,-3114,-2452
11,-3118,-3118,-3294
12,-3058,-3096,-2940
13,-2930,-2930,-3286
14,-3018,-3018,-2940
15,-2698,-2698,-3286
16,-2922,-2722,-2940
17,-3294,-3294,-2940
18,-3114,-3114,-3286
19,-3078,-3202,-2940
20,-2780,-2780,-3032
21,-3184,-3184,-3286
22,-3286,-3286,-3294
23,-2590,-2590,-2940
24,-2950,-2950,-2940
25,-3062,-3062,-2716
26,-3062,-3088,-2452
27,-3142,-3202,-3294
28,-3146,-2606,-3294
29,-3062,-2554,-3294
30,-3294,-3096,-3286
31,-2392,-2392,-3294
32,-2946,-3032,-3286
33,-3090,-2916,-2940
34,-3062,-3062,-3184
35,-2838,-2804,-2940
36,-3124,-2750,-2874
37,-3088,-3076,-2452
38,-2830,-3104,-3286
39,-2934,-2934,-3294
40,-2948,-2948,-3032
41,-2128,-2128,-2452
42,-2838,-2990,-3032
43,-3120,-2838,-2940
44,-2774,-2774,-3286
45,-2928,-2928,-3076
46,-3022,-2906,-3000
47,-2944,-2944,-2996
48,-3072,-3072,-3008
49,-3072,-3072,-2996
50,-3086,-2812,-3286
51,-3126,-3130,-2996
52,-2858,-2858,-2940
53,-3294,-3294,-2880
54,-3078,-3078,-2940
55,-3052,-3052,-2940
56,-2972,-2972,-3046
57,-3090,-3036,-3032
58,-2984,-2984,-2940
59,-3058,-3048,-2940
60,-3072,-2976,-2940
61,-3044,-3044,-2452
62,-2978,-2978,-2940
63,-2542,-2542,-2452
64,-2848,-2848,-3286
65,-2908,-2908,-2452
66,-3080,-3070,-3294
67,-2912,-2912,-2452
68,-2842,-2792,-3184
69,-2396,-3026,-3294
70,-2854,-2854,-3286
71,-2756,-3026,-3294
72,-2952,-2974,-2738
73,-3286,-3286,-3294
74,-3086,-2652,-3184
75,-2856,-2988,-2940
76,-3028,-3048,-3286
77,-3012,-3012,-3064
78,-2548,-2544,-3184
79,-3132,-3132,-2940
80,-3090,-3090,-2804
81,-3080,-3080,-3294
82,-3022,-3022,-2896
83,-2742,-2742,-3294
84,-2972,-2972,-3294
85,-3120,-3120,-3286
86,-3286,-3286,-2726
87,-3184,-3184,-2940
88,-3180,-2834,-2452
89,-2960,-2960,-3032
90,-2748,-2748,-3286
91,-3126,-3294,-2868
92,-2892,-2762,-3294
93,-2598,-2958,-2682
94,-2940,-2940,-2940
95,-2956,-2956,-2940
96,-2952,-3202,-2940
97,-2810,-2810,-3294
98,-3070,-3008,-3294
99,-2844,-2844,-2996
100,-3096,-3096,-2452
101,-2836,-2836,-2896
102,-2892,-2724,-3294
103,-3146,-3120,-3184
104,-2632,-2632,-2940
105,-2934,-2934,-2452
106,-2680,-3024,-2896
107,-3032,-3032,-2452
108,-3146,-3114,-3294
109,-2914,-2916,-2940
110,-3022,-3022,-2452
111,-2948,-2948,-2848
112,-3092,-3092,-3000
113,-3046,-3046,-2896
114,-2904,-2828,-3184
115,-2816,-2614,-3184
116,-3078,-3078,-3184
117,-2674,-2674,-2996
118,-2822,-2632,-2940
119,-3002,-3146,-3294
120,-3064,-3064,-3184
121,-3132,-3132,-2940
122,-2554,-2474,-2896
123,-3202,-3076,-2452
124,-2720,-2720,-3286
125,-3012,-3012,-2452
126,-2354,-2354,-3286
127,-2802,-2724,-3294
128,-3016,-3016,-2940
129,-2910,-2910,-3026
130,-2824,-2824,-3064
131,-2860,-2860,-3184
132,-3062,-3062,-3286
133,-3008,-3008,-3294
134,-2152,-2142,-3184
135,-2682,-2682,-3286
136,-3162,-3292,-3052
137,-2714,-2714,-3286
138,-2690,-2690,-2452
139,-3114,-3114,-2940
140,-2778,-2778,-2452
141,-3202,-3202,-3294
142,-2936,-3072,-2940
143,-2940,-2940,-2940
144,-2996,-2996,-2896
145,-3044,-3090,-2940
146,-3294,-3294,-2880
147,-3000,-2982,-2896
148,-3090,-3090,-2996
149,-3068,-2750,-3000
150,-2782,-2732,-3294
151,-3058,-3058,-3078
152,-3002,-2966,-3286
153,-2842,-2842,-3184
154,-2658,-2658,-2940
155,-3022,-3022,-3286
156,-2952,-2952,-3052
157,-2912,-3136,-2452
158,-3184,-3184,-3046
159,-3032,-3096,-2940
160,-3092,-3092,-3012
161,-3044,-3044,-2940
162,-3092,-2608,-2940
163,-3048,-3048,-2940
164,-3022,-3022,-3046
165,-2812,-2898,-2940
166,-2704,-2704,-3294
167,-2754,-2824,-3294
168,-2718,-2718,-2940
169,-2346,-2346,-3286
170,-3286,-2816,-2452
171,-3038,-3038,-2452
172,-2890,-2890,-2940
173,-3286,-3286,-3294
174,-3012,-2942,-2608
175,-2984,-3078,-3000
176,-3032,-3032,-3032
177,-3102,-2912,-2940
178,-3294,-3294,-3294
179,-2952,-3064,-2716
180,-3132,-3132,-3294
181,-3180,-3180,-3076
182,-2566,-2972,-3286
183,-2880,-2880,-3184
184,-2760,-2760,-3032
185,-2740,-3286,-2452
186,-3032,-3032,-3000
187,-2944,-2944,-2694
188,-2874,-2874,-3294
189,-3008,-3008,-2738
190,-3292,-3294,-2922
191,-2628,-2868,-3286
192,-2956,-2624,-3292
193,-3092,-3092,-3294
194,-3086,-3086,-3286
195,-3088,-2960,-2452
196,-2818,-2818,-3052
197,-3286,-3126,-2996
198,-2966,-2966,-3294
199,-2804,-2804,-2940
200,-2644,-2644,-3286
201,-2936,-2896,-3294
202,-2740,-2740,-3286
203,-3088,-3086,-2940
204,-3118,-3118,-2880
205,-2842,-2842,-3294
206,-2734,-2736,-2940
207,-3072,-2978,-3294
208,-3126,-2956,-3286
209,-2834,-2812,-2896
210,-2798,-2722,-3184
211,-2914,-2914,-3294
212,-2754,-2754,-2940
213,-3032,-3032,-3100
214,-2896,-2896,-2896
215,-3120,-2996,-2940
216,-2270,-2270,-2940
217,-2860,-2910,-3184
218,-3046,-3046,-2940
219,-3202,-3202,-2880
220,-2760,-2630,-2738
221,-3292,-3292,-2940
222,-3180,-3180,-3076
223,-3058,-3058,-3078
224,-2658,-2658,-3286
225,-2864,-2864,-2452
226,-2940,-3026,-2940
227,-2920,-2970,-3294
228,-3062,-3062,-2940
229,-2924,-2924,-3008
230,-3180,-2648,-2452
231,-3096,-3096,-2452
232,-2882,-2962,-2940
233,-3062,-3062,-3294
234,-2890,-2890,-2940
235,-2738,-3092,-2996
236,-2290,-2408,-2940
237,-3146,-3096,-3294
238,-2924,-3000,-3026
239,-3012,-3294,-3286
240,-2990,-2990,-3294
241,-2836,-2788,-2940
242,-3146,-3294,-2946
243,-3010,-3064,-3100
244,-3132,-3202,-3184
245,-3120,-3120,-3076
246,-2798,-2798,-3184
247,-2990,-3180,-2996
248,-3292,-3292,-3294
249,-3090,-3078,-2940
250,-2760,-2760,-3294
251,-3086,-3086,-2940
252,-2918,-2918,-3294
253,-2882,-2964,-3294
254,-2976,-3184,-3294
255,-2940,-2940,-2922
256,-3036,-3036,-2452
257,-2524,-2524,-2896
258,-3294,-3294,-3294
259,-3046,-3046,-3294
260,-3142,-3032,-2940
261,-3184,-3184,-3184
262,-3092,-3092,-2940
263,-3104,-3054,-3184
264,-2914,-2768,-2940
265,-3000,-3118,-3286
266,-2806,-2806,-2940
267,-2662,-2662,-2940
268,-3048,-3048,-2940
269,-3058,-2650,-2940
270,-2702,-3126,-3294
271,-3292,-3202,-3294
272,-2494,-2494,-3032
273,-2934,-2920,-2940
274,-3292,-3292,-2452
275,-2756,-2756,-3032
276,-3286,-3286,-3294
277,-3068,-3100,-3286
278,-2782,-2712,-3286
279,-2830,-2830,-3286
280,-3024,-3286,-2452
281,-3032,-3032,-3286
282,-2934,-2934,-3078
283,-3002,-3002,-2940
284,-3038,-3038,-3078
285,-3092,-3092,-2940
286,-2980,-2980,-3032
287,-2540,-2708,-2940
288,-2948,-2978,-3294
289,-2886,-2886,-2940
290,-3184,-2670,-3294
291,-3016,-2836,-3000
292,-3090,-3090,-2940
293,-3044,-3060,-3032
294,-2358,-2358,-2940
295,-3140,-3294,-3294
296,-3016,-3016,-3294
297,-3100,-2920,-2452
298,-2764,-3030,-3286
299,-3050,-3050,-2940
300,-2756,-2756,-3286
301,-3042,-3042,-2940
302,-3100,-3100,-3184
303,-2840,-2840,-3076
304,-3020,-2872,-3286
305,-2934,-2742,-3294
306,-2512,-2512,-2940
307,-2842,-2894,-2940
308,-2778,-2778,-2452
309,-2696,-3090,-3286
310,-3022,-3000,-2940
311,-2884,-2884,-2940
312,-2878,-2878,-3100
313,-2810,-2820,-3032
314,-3046,-3046,-3294
315,-2682,-2682,-3294
316,-2958,-2966,-2694
317,-2894,-3146,-3184
318,-2616,-2544,-2940
319,-3078,-3202,-2940
320,-3102,-3000,-2452
321,-2774,-2774,-3286
322,-3294,-3294,-3294
323,-3078,-3078,-2940
324,-3044,-3044,-2452
325,-3076,-3076,-3294
326,-3032,-3032,-3294
327,-3184,-3184,-2738
328,-2756,-2756,-2452
329,-3184,-3184,-2940
330,-2402,-2402,-3286
331,-3042,-3042,-2896
332,-2944,-2944,-3294
333,-2610,-2610,-3184
334,-2586,-2586,-2996
335,-3104,-2838,-3184
336,-2788,-2714,-3184
337,-2910,-2900,-3286
338,-2886,-2886,-2452
339,-3104,-3062,-2738
340,-2904,-2934,-2452
341,-3092,-3092,-3294
342,-3114,-3134,-3294
343,-3012,-3012,-3184
344,-2934,-2934,-3286
345,-2710,-2710,-3184
346,-3032,-2720,-2940
347,-2904,-2972,-3032
348,-2972,-2992,-3294
349,-3180,-3180,-2940
350,-2602,-3022,-2940
351,-2926,-2926,-3294
352,-2948,-2684,-3286
353,-2460,-2460,-2940
354,-2986,-2986,-2452
355,-2628,-2628,-2452
356,-2990,-2932,-2940
357,-3088,-3126,-3294
358,-2384,-3292,-3294
359,-3294,-2446,-3184
360,-2940,-2940,-2452
361,-2400,-2400,-2940
362,-2690,-3294,-3294
363,-2982,-3016,-2940
364,-2854,-2854,-3294
365,-2978,-2978,-2452
366,-2362,-2362,-3294
367,-3292,-3292,-3286
368,-3058,-3096,-2880
369,-2694,-2694,-2896
370,-3294,-3180,-3294
371,-3092,-3092,-3286
372,-2800,-2800,-2940
373,-2630,-2630,-3052
374,-3070,-3070,-3184
375,-2964,-2930,-2452
376,-3180,-2758,-3032
377,-3022,-3022,-3294
378,-3038,-3038,-3294
379,-2874,-2874,-3286
380,-3070,-3202,-3294
381,-2868,-2868,-3076
382,-2674,-2654,-3184
383,-2624,-2624,-3294
384,-3026,-3090,-3184
385,-3104,-3028,-3286
386,-2874,-2968,-3286
387,-2834,-2910,-3184
388,-2644,-2644,-2452
389,-3022,-3146,-2940
390,-2890,-2890,-3286
391,-2662,-2680,-2896
392,-2784,-2728,-3184
393,-2988,-2988,-2452
394,-2388,-3292,-3294
395,-2524,-2524,-3294
396,-3286,-3286,-2996
397,-2874,-2874,-2940
398,-2892,-2892,-3184
399,-3102,-2952,-2452
400,-3184,-3184,-2738
401,-3146,-3146,-2880
402,-3046,-3046,-3008
403,-3292,-3294,-2940
404,-3032,-3002,-3294
405,-3184,-3184,-3286
406,-3052,-3052,-3100
407,-3016,-3016,-3286
408,-2990,-2990,-2896
409,-3102,-3102,-2996
410,-2650,-2742,-3286
411,-2830,-2832,-3076
412,-3068,-3114,-2694
413,-2500,-2500,-2452
414,-2782,-2782,-3292
415,-2998,-2908,-2452
416,-2976,-2976,-2940
417,-2914,-3088,-2940
418,-3000,-3000,-3286
419,-3120,-3120,-3286
420,-3120,-3120,-3286
421,-2618,-2618,-2452
422,-2622,-2836,-2452
423,-3008,-3012,-2726
424,-2910,-2910,-2738
425,-2764,-2764,-2996
426,-2964,-2964,-2940
427,-3012,-3012,-3294
428,-3038,-2924,-2452
429,-3058,-3058,-3000
430,-2912,-2912,-2996
431,-3184,-3184,-2940
432,-2472,-2472,-3294
433,-3184,-2938,-2940
434,-3202,-3202,-2940
435,-3142,-2920,-2940
436,-2934,-3104,-3294
437,-2654,-2654,-3294
438,-3126,-3146,-3000
439,-3076,-3162,-3064
440,-2528,-2594,-3184
441,-2716,-2716,-2940
442,-3088,-3088,-3052
443,-3080,-3080,-3184
444,-3078,-2948,-2452
445,-2802,-2976,-3008
446,-2926,-2878,-3294
447,-2908,-2672,-2452
448,-3062,-3062,-3184
449,-3114,-3098,-3294
450,-3052,-3052,-3294
451,-3104,-3116,-3286
452,-3102,-3052,-3184
453,-2532,-2820,-3032
454,-2842,-2842,-2940
455,-3020,-2996,-2896
456,-3012,-2960,-3000
457,-2888,-2888,-3184
458,-2898,-2898,-3286
459,-3090,-2972,-3294
460,-3020,-3020,-3294
461,-3294,-3294,-3294
462,-3132,-2892,-3184
463,-3104,-3104,-3286
464,-3064,-3064,-3026
465,-3096,-3076,-2996
466,-3294,-3294,-3294
467,-2942,-3012,-2940
468,-3146,-3146,-2940
469,-3294,-3294,-3286
470,-2426,-2438,-2880
471,-2896,-3038,-2452
472,-2558,-2772,-2940
473,-2524,-2524,-3184
474,-3114,-3114,-2452
475,-3052,-3052,-3294
476,-3064,-2816,-3286
477,-3080,-3080,-3184
478,-3142,-3142,-2940
479,-3088,-2966,-3286
480,-2812,-2812,-3294
481,-2570,-2570,-2940
482,-2796,-3054,-3184
483,-3064,-3076,-3100
484,-2836,-2952,-2940
485,-2966,-2966,-3294
486,-2806,-2806,-3076
487,-2934,-3010,-2940
488,-2700,-2754,-3026
489,-2588,-2588,-2940
490,-2414,-2414,-3294
491,-3286,-3294,-3286
492,-2464,-2564,-2452
493,-2938,-2938,-2738
494,-2680,-2680,-3294
495,-2838,-2838,-3286
496,-2888,-2888,-2896
497,-3074,-3074,-2940
498,-3292,-3294,-3294
499,-3146,-3114,-2940
500,-3056,-3056,-2880
501,-2396,-2924,-2576
502,-3202,-3132,-2940
503,-2778,-2778,-3294
504,-2994,-2994,-3294
505,-3104,-3104,-3286
506,-2708,-2396,-3286
507,-3286,-3286,-3046
508,-2908,-2910,-2452
509,-3038,-3032,-3286
510,-3072,-3072,-3184
511,-2796,-2796,-3286
512,-3132,-3142,-3294
513,-2900,-2900,-2940
514,-3044,-3044,-2940
515,-3104,-3104,-3286
516,-3132,-3132,-3294
517,-3086,-3116,-2738
518,-2914,-2914,-3294
519,-3090,-3090,-2940
520,-2974,-2974,-3184
521,-3028,-3028,-2452
522,-2442,-2442,-2996
523,-2736,-2736,-3294
524,-2996,-2996,-3000
525,-2944,-2944,-3000
526,-2836,-2938,-2940
527,-2956,-2894,-2940
528,-2742,-2742,-3184
529,-3062,-3062,-2940
530,-3148,-2492,-2940
531,-2628,-2628,-3294
532,-3008,-2678,-2452
533,-2730,-2886,-2940
534,-2832,-2832,-2738
535,-2996,-2996,-2940
536,-2972,-2972,-2996
537,-2648,-2648,-3286
538,-2956,-2884,-3294
539,-2754,-2754,-2996
540,-2838,-2924,-2452
541,-2884,-2536,-2940
542,-2930,-2930,-3286
543,-2586,-2586,-2996
544,-3104,-2544,-3286
545,-2770,-2770,-2896
546,-2760,-2760,-3294
547,-2506,-2506,-2896
548,-3080,-3080,-2738
549,-2872,-2686,-2880
550,-2690,-2740,-2940
551,-2720,-2706,-2940
552,-2810,-2766,-2940
553,-3114,-3114,-2940
554,-2806,-3076,-3184
555,-3086,-3116,-3294
556,-2838,-2838,-3286
557,-2970,-2952,-3294
558,-3046,-3046,-3184
559,-2872,-2908,-2940
560,-2734,-2734,-3294
561,-2832,-2832,-2738
562,-2766,-2766,-3026
563,-3060,-2896,-2940
564,-2920,-3048,-3286
565,-3008,-2894,-3294
566,-2952,-3000,-2452
567,-2634,-2966,-2940
568,-3014,-2886,-3076
569,-3162,-3162,-2940
570,-3184,-3006,-2940
571,-3078,-3078,-2940
572,-2818,-3084,-2940
573,-2834,-2834,-2452
574,-2912,-2912,-3052
575,-3016,-3184,-2940
576,-3016,-2992,-2716
577,-2812,-2806,-3286
578,-3140,-3140,-3294
579,-2892,-2892,-2940
580,-2466,-2864,-2452
581,-3286,-3286,-2996
582,-3050,-3050,-3294
583,-3140,-2984,-2852
584,-2872,-2872,-2452
585,-2910,-3092,-3294
586,-2612,-2612,-3286
587,-3092,-2956,-2896
588,-3108,-2834,-2940
589,-3082,-3082,-2940
590,-3108,-3108,-2694
591,-2498,-2498,-2996
592,-2880,-2852,-3294
593,-3286,-3286,-3184
594,-2732,-2732,-2940
595,-2974,-2974,-3294
596,-2926,-2926,-3100
597,-3102,-3102,-2940
598,-2974,-2974,-2576
599,-2664,-2664,-2996
600,-2958,-3058,-3184
601,-2750,-2794,-3294
602,-3060,-3058,-2452
603,-3132,-3142,-2726
604,-2674,-2674,-3000
605,-2710,-2710,-2848
606,-3114,-3114,-2940
607,-2840,-2840,-2940
608,-2988,-3038,-3294
609,-2816,-2790,-3184
610,-2878,-2878,-2452
611,-3102,-3102,-3100
612,-2990,-2772,-3294
613,-3052,-3046,-2940
614,-2942,-2942,-3184
615,-2994,-2974,-3294
616,-2762,-2746,-3294
617,-3086,-3086,-3294
618,-2418,-2418,-3286
619,-2750,-2750,-3286
620,-2604,-2820,-3286
621,-3124,-3286,-2996
622,-3042,-2976,-3184
623,-3104,-3062,-3184
624,-3180,-3102,-3294
625,-2444,-2444,-3184
626,-2630,-2630,-3294
627,-2594,-2594,-2418
628,-3108,-3108,-2218
629,-3294,-3292,-3286
630,-3076,-3104,-3286
631,-2670,-2670,-2996
632,-3180,-3120,-3046
633,-2860,-3292,-2452
634,-3126,-3286,-3294
635,-2890,-2890,-2940
636,-2704,-3018,-3032
637,-3292,-3292,-2880
638,-2704,-2704,-3286
639,-2866,-2818,-2940
640,-3022,-3022,-2940
641,-3294,-3294,-3294
642,-2956,-2932,-2452
643,-3066,-3066,-2940
644,-3080,-2986,-3184
645,-2682,-2832,-2452
646,-3020,-3020,-3184
647,-2732,-2818,-2924
648,-3146,-3142,-2940
649,-2920,-2920,-3294
650,-3088,-3082,-2738
651,-2774,-2534,-3294
652,-3294,-2688,-3294
653,-3062,-3062,-3294
654,-2574,-2920,-3286
655,-3012,-3012,-3184
656,-3104,-3104,-3286
657,-3134,-3134,-3184
658,-2874,-2886,-3184
659,-2896,-2896,-3294
660,-3064,-3064,-2940
661,-2996,-2996,-2452
662,-3184,-3184,-3294
663,-2788,-2744,-2940
664,-2908,-2908,-3032
665,-3104,-3104,-3184
666,-2870,-2838,-3286
667,-2974,-2952,-2940
668,-2722,-3038,-2940
669,-2690,-2720,-3294
670,-2874,-2872,-2452
671,-2842,-2842,-2452
672,-3096,-3020,-3294
673,-3078,-3184,-3286
674,-3070,-3070,-2940
675,-3080,-2892,-3286
676,-2344,-2468,-3286
677,-3146,-3146,-3184
678,-2964,-2964,-3026
679,-2818,-3286,-2896
680,-3062,-3062,-2940
681,-2948,-2948,-3286
682,-2804,-2804,-3286
683,-2964,-2964,-3294
684,-2882,-2884,-2940
685,-3108,-3024,-2940
686,-3062,-3114,-2940
687,-2680,-2680,-3286
688,-2596,-2596,-3046
689,-3202,-3202,-2940
690,-2680,-3116,-2940
691,-2512,-2548,-2452
692,-2652,-2652,-3286
693,-3294,-3294,-3294
694,-2848,-2848,-3294
695,-3126,-3126,-3032
696,-3146,-3092,-2940
697,-3294,-3294,-2940
698,-3132,-3294,-3000
699,-2960,-2920,-2940
700,-3084,-3092,-3294
701,-2578,-2578,-3286
702,-3180,-3180,-2452
703,-2996,-2996,-3286
704,-2734,-2682,-3032
705,-2736,-2736,-3286
706,-2624,-2624,-2940
707,-2966,-2966,-2618
708,-3022,-3022,-3294
709,-3286,-2750,-2940
710,-2940,-2940,-3286
711,-2840,-2840,-2940
712,-2942,-2958,-3294
713,-3100,-3006,-3184
714,-2612,-2634,-2880
715,-2510,-2510,-3184
716,-2956,-2958,-2940
717,-3084,-3012,-3000
718,-2548,-2548,-2452
719,-2980,-2980,-3184
720,-2930,-2930,-2738
721,-3184,-3184,-2940
722,-3062,-3062,-3294
723,-2628,-2872,-3286
724,-2894,-2894,-3184
725,-2664,-2896,-2940
726,-2940,-2940,-3286
727,-3184,-3184,-2452
728,-2960,-2960,-3008
729,-2548,-3018,-2452
730,-3084,-3082,-2940
731,-2952,-3184,-2940
732,-3064,-2646,-2738
733,-2988,-2988,-3046
734,-2994,-2994,-2940
735,-2604,-2846,-3052
736,-2792,-2792,-2452
737,-2682,-3070,-2738
738,-2632,-2632,-3286
739,-3042,-3046,-2452
740,-2930,-2930,-3032
741,-2764,-2764,-3184
742,-3292,-3292,-3294
743,-2738,-2738,-3064
744,-2864,-2864,-3286
745,-3100,-3100,-2940
746,-2694,-2694,-2452
747,-3134,-3092,-2940
748,-2254,-2254,-3286
749,-3292,-3292,-3294
750,-2926,-2926,-3184
751,-2900,-2900,-3286
752,-3026,-2762,-3032
753,-3072,-3072,-3294
754,-2974,-2974,-2940
755,-3102,-3074,-2940
756,-3102,-2986,-2940
757,-3184,-3184,-2940
758,-2898,-2928,-2896
759,-3016,-3096,-3184
760,-3026,-3026,-2940
761,-2966,-2966,-2452
762,-3062,-3062,-3286
763,-2952,-2952,-3294
764,-3032,-3024,-3294
765,-2818,-3100,-3286
766,-3032,-2836,-3286
767,-2584,-2584,-2716
768,-2794,-2794,-2940
769,-2974,-2974,-3286
770,-2888,-2710,-3294
771,-3090,-3090,-3294
772,-3050,-3050,-2940
773,-2928,-2928,-2452
774,-2730,-2874,-2996
775,-2938,-2938,-2996
776,-3104,-2938,-2452
777,-3072,-3072,-2940
778,-2800,-2784,-3032
779,-3142,-3142,-3184
780,-3090,-3090,-3294
781,-3082,-3076,-2940
782,-3146,-3146,-2940
783,-3016,-3286,-3184
784,-2910,-2910,-3184
785,-3294,-3292,-2452
786,-2854,-3108,-3184
787,-3146,-3146,-2940
788,-2820,-2820,-2940
789,-2816,-2816,-3294
790,-3058,-3058,-2940
791,-2860,-2860,-2452
792,-2922,-2922,-2940
793,-2692,-2786,-3286
794,-3184,-3006,-2452
795,-3084,-3084,-3058
796,-2514,-2472,-2452
797,-3084,-3084,-2940
798,-2750,-2750,-3184
799,-3010,-3010,-2940
800,-2948,-2948,-3184
801,-3076,-3068,-2940
802,-2920,-2920,-3286
803,-2554,-2554,-3286
804,-3118,-3118,-2940
805,-2852,-2820,-2452
806,-3180,-3086,-3294
807,-2698,-3104,-3032
808,-3146,-3146,-2940
809,-2798,-2798,-3294
810,-2768,-2768,-3286
811,-2670,-2670,-2996
812,-2834,-2834,-3286
813,-3024,-3024,-3286
814,-3102,-3180,-3294
815,-2908,-3048,-3032
816,-2644,-2706,-2940
817,-3294,-3294,-3022
818,-2612,-2612,-3294
819,-2820,-2820,-3032
820,-3046,-3046,-3000
821,-2796,-2796,-2940
822,-3294,-3294,-3184
823,-2974,-2974,-3294
824,-2750,-2750,-2996
825,-2812,-2812,-3076
826,-2980,-2832,-3286
827,-2920,-2948,-3184
828,-2990,-2808,-2940
829,-3090,-2492,-3286
830,-3102,-3102,-2940
831,-2456,-2456,-2940
832,-2698,-2698,-2940
833,-3102,-3102,-3294
834,-2758,-3142,-2940
835,-3108,-3108,-2880
836,-2748,-2984,-2940
837,-2788,-2788,-2452
838,-2840,-3090,-2940
839,-2864,-2864,-2940
840,-3106,-3106,-3294
841,-3100,-3100,-2576
842,-3086,-3086,-3076
843,-2666,-3294,-3294
844,-2732,-2756,-3026
845,-3062,-3062,-2940
846,-2986,-2986,-3294
847,-2714,-2712,-3032
848,-3126,-3126,-3100
849,-2794,-2794,-2880
850,-2918,-2918,-3286
851,-2904,-2962,-2940
852,-3032,-3064,-3286
853,-2886,-2820,-2452
854,-2846,-2978,-3076
855,-3022,-3000,-2940
856,-3070,-3070,-2940
857,-2798,-2798,-3184
858,-3012,-3104,-2940
859,-2824,-2824,-2940
860,-2936,-3050,-3032
861,-3006,-3006,-3286
862,-2940,-3070,-3294
863,-3102,-3102,-2940
864,-2922,-3180,-2940
865,-2598,-3126,-3294
866,-2704,-3114,-2940
867,-3068,-3102,-2940
868,-2550,-3032,-3286
869,-2790,-2790,-2940
870,-3070,-3070,-3286
871,-2896,-2896,-2218
872,-2750,-3012,-2940
873,-2628,-2386,-2940
874,-2758,-3032,-2940
875,-3294,-2720,-2940
876,-2686,-2686,-3286
877,-2904,-3184,-2940
878,-2662,-3294,-3294
879,-2976,-2788,-3286
880,-3032,-3032,-3032
881,-3294,-3294,-2940
882,-2966,-2966,-2896
883,-2966,-2638,-3032
884,-2768,-3008,-3286
885,-3294,-3294,-2974
886,-2952,-2962,-3294
887,-2656,-3024,-3286
888,-2838,-3184,-2452
889,-2836,-2836,-2940
890,-3028,-3048,-2940
891,-2774,-2774,-3294
892,-2804,-2804,-2940
893,-2928,-2928,-2940
894,-3102,-3022,-2940
895,-2454,-2586,-3286
896,-3014,-3014,-3032
897,-2970,-2970,-2738
898,-2946,-2982,-2940
899,-2942,-2942,-3286
900,-2816,-2816,-3184
901,-2760,-2838,-3184
902,-3120,-3120,-3032
903,-2722,-2706,-3294
904,-2942,-2942,-3286
905,-2954,-3184,-2940
906,-2644,-2644,-3184
907,-2978,-2978,-3184
908,-3294,-3294,-3294
909,-3286,-3286,-3108
910,-2598,-2614,-3294
911,-3090,-3090,-2490
912,-3016,-3016,-3294
913,-2418,-2776,-3286
914,-3140,-3140,-2940
915,-2976,-2976,-2940
916,-2846,-2700,-2726
917,-3146,-3146,-3294
918,-3062,-3062,-3184
919,-3014,-2974,-3076
920,-3070,-3076,-3286
921,-3000,-3000,-2940
922,-2320,-2320,-3294
923,-2954,-2954,-3032
924,-2620,-2816,-3294
925,-2904,-2904,-3184
926,-3014,-3014,-2738
927,-3292,-3292,-3294
928,-3038,-3046,-2940
929,-3146,-2934,-2940
930,-3046,-3046,-2940
931,-3018,-2808,-2940
932,-3010,-3010,-2940
933,-3286,-2942,-3286
934,-3096,-3096,-3286
935,-2454,-2454,-3286
936,-3070,-3070,-3286
937,-3048,-3048,-2940
938,-2790,-2790,-3184
939,-2922,-2922,-2452
940,-3202,-3202,-2880
941,-2698,-2736,-2452
942,-3070,-2956,-3286
943,-3102,-3102,-3294
944,-3046,-3146,-3294
945,-2986,-2986,-3294
946,-2776,-3104,-2452
947,-2944,-3090,-3294
948,-2534,-2632,-3286
949,-2552,-2846,-3286
950,-3046,-3046,-2452
951,-2846,-3024,-3032
952,-3018,-3184,-2940
953,-3292,-3292,-2922
954,-3024,-3024,-2940
955,-3092,-3102,-3292
956,-2974,-2994,-3294
957,-3184,-3184,-2940
958,-2974,-2974,-2940
959,-3102,-3102,-3100
960,-2800,-3048,-3184
961,-2950,-2950,-2452
962,-3184,-3184,-2452
963,-2924,-2924,-2940
964,-2754,-2754,-3184
965,-3000,-3000,-3294
966,-2892,-2892,-3032
967,-3018,-3048,-3294
968,-2904,-2930,-2940
969,-2958,-3058,-3286
970,-2944,-2924,-3286
971,-3078,-2914,-2896
972,-3294,-3294,-2940
973,-2812,-2932,-2452
974,-3078,-3078,-3032
975,-2994,-2994,-2940
976,-2482,-2562,-3184
977,-3126,-3126,-3294
978,-2884,-2884,-3294
979,-2474,-2474,-3294
980,-3008,-3120,-2996
981,-3184,-3184,-2738
982,-2732,-2732,-3294
983,-2408,-2408,-3286
984,-2896,-2824,-2452
985,-3078,-2928,-3294
986,-2728,-2708,-3286
987,-3048,-3048,-2940
988,-3132,-3132,-2880
989,-2760,-2678,-2452
990,-2886,-2902,-2940
991,-3072,-3072,-2452
992,-2016,-2960,-3032
993,-2346,-2408,-3286
994,-2932,-3020,-3294
995,-2800,-2938,-3286
996,-3294,-3056,-3294
997,-3036,-2838,-3294
998,-2872,-2872,-2996
999,-2694,-2782,-3286
