seed,H_eta_0,H_eta_0p1,H_eta_0p2,H_eta_0p3,H_eta_0p4,H_eta_0p5
0,-2742,-3046,-3294,-3184,-2996,-2996
1,-2918,-3016,-3294,-2880,-2996,-2996
2,-2748,-2954,-2894,-2804,-2996,-2996
3,-2874,-3042,-2862,-3294,-3294,-2996
4,-2868,-3146,-3036,-2880,-3294,-2996
5,-2864,-3108,-2956,-3286,-3294,-2996
6,-2892,-2684,-3294,-3294,-2996,-2996
7,-3108,-3108,-3058,-3026,-2996,-2996
8,-2714,-2776,-2996,-3184,-2996,-2996
9,-3080,-3080,-3004,-2744,-2996,-2996
10,-3068,-3294,-2996,-2452,-2996,-2996
11,-3118,-3048,-3036,-3294,-3294,-2996
12,-3058,-3048,-3032,-2940,-2996,-2996
13,-2930,-2860,-2696,-3286,-2996,-2996
14,-3018,-3184,-3032,-2940,-3294,-2996
15,-2698,-2676,-2894,-3286,-2996,-2996
16,-2922,-2792,-2896,-2940,-2996,-2996
17,-3294,-2860,-3184,-2940,-2996,-2996
18,-3114,-2710,-2892,-3286,-2996,-2996
19,-3078,-3102,-3102,-2940,-2996,-2996
20,-2780,-2792,-3018,-3032,-2996,-2996
21,-3184,-3184,-3032,-3286,-3294,-2996
22,-3286,-3286,-3286,-3294,-2996,-2996
23,-2590,-2604,-2914,-2940,-2996,-2996
24,-2950,-3184,-3032,-2940,-2996,-2996
25,-3062,-3104,-3080,-2716,-3026,-2996
26,-3062,-3062,-2680,-2452,-2996,-2996
27,-3142,-3142,-3294,-3294,-2996,-2996
28,-3146,-3116,-2658,-3294,-2996,-2996
29,-3062,-2974,-2974,-3294,-2996,-2996
30,-3294,-3294,-3294,-3286,-2996,-2996
31,-2392,-3088,-3036,-3294,-2996,-2996
32,-2946,-3076,-3098,-3286,-3294,-2996
33,-3090,-3016,-2944,-2940,-2996,-2996
34,-3062,-3104,-3026,-3184,-2996,-2996
35,-2838,-3050,-3184,-2940,-2996,-2996
36,-3124,-2916,-3036,-2874,-2996,-2996
37,-3088,-3286,-3294,-2452,-2996,-2996
38,-2830,-2752,-2680,-3286,-2996,-2996
39,-2934,-2960,-3052,-3294,-2996,-2996
40,-2948,-3090,-3032,-3032,-2996,-2996
41,-2128,-2596,-3086,-2452,-2996,-2996
42,-2838,-3146,-3092,-3032,-3294,-2996
43,-3120,-3120,-3036,-2940,-2996,-2996
44,-2774,-2912,-3294,-3286,-2996,-2996
45,-2928,-3026,-2930,-3076,-2996,-2996
46,-3022,-2908,-3016,-3000,-2996,-2996
47,-2944,-2862,-2872,-2996,-2996,-2996
48,-3072,-3072,-3032,-3008,-2996,-2996
49,-3072,-3072,-3294,-2996,-2996,-2996
50,-3086,-3104,-3098,-3286,-2996,-2996
51,-3126,-3294,-3286,-2996,-2996,-2996
52,-2858,-2972,-3184,-2940,-2996,-2996
53,-3294,-3294,-3294,-2880,-3294,-2996
54,-3078,-3102,-3058,-2940,-2996,-2996
55,-3052,-3078,-2990,-2940,-2996,-2996
56,-2972,-2970,-3018,-3046,-2996,-2996
57,-3090,-2804,-2894,-3032,-2996,-2996
58,-2984,-3062,-3032,-2940,-2996,-2996
59,-3058,-3048,-3032,-2940,-2996,-2996
60,-3072,-3032,-3032,-2940,-3026,-2996
61,-3044,-3044,-3294,-2452,-2996,-2996
62,-2978,-3072,-3032,-2940,-2996,-2996
63,-2542,-2506,-2932,-2452,-2996,-2996
64,-2848,-3064,-3096,-3286,-2996,-2996
65,-2908,-3184,-3018,-2452,-2996,-2996
66,-3080,-3104,-3062,-3294,-2996,-2996
67,-2912,-2924,-2914,-2452,-2996,-2996
68,-2842,-2564,-2832,-3184,-2996,-2996
69,-2396,-3092,-3294,-3294,-2996,-2996
70,-2854,-3000,-2938,-3286,-2996,-2996
71,-2756,-3294,-3294,-3294,-2996,-2996
72,-2952,-3008,-2952,-2738,-2996,-2996
73,-3286,-3286,-3286,-3294,-2996,-2996
74,-3086,-3086,-3090,-3184,-2996,-2996
75,-2856,-2940,-3086,-2940,-2996,-2996
76,-3028,-3146,-3294,-3286,-2996,-2996
77,-3012,-3012,-2860,-3064,-2996,-2996
78,-2548,-2728,-3294,-3184,-2996,-2996
79,-3132,-3162,-3142,-2940,-2996,-2996
80,-3090,-3028,-3078,-2804,-2996,-2996
81,-3080,-3080,-3004,-3294,-2996,-2996
82,-3022,-3072,-2932,-2896,-2996,-2996
83,-2742,-2786,-2956,-3294,-3294,-2996
84,-2972,-2972,-3000,-3294,-3294,-2996
85,-3120,-3120,-3180,-3286,-2996,-2996
86,-3286,-3286,-2894,-2726,-2996,-2996
87,-3184,-3184,-3032,-2940,-2996,-2996
88,-3180,-3180,-3048,-2452,-2996,-2996
89,-2960,-3028,-3146,-3032,-3294,-2996
90,-2748,-2708,-3018,-3286,-3294,-2996
91,-3126,-3286,-3294,-2868,-2996,-2996
92,-2892,-2892,-2956,-3294,-3294,-2996
93,-2598,-3084,-3088,-2682,-2996,-2996
94,-2940,-3120,-3026,-2940,-2996,-2996
95,-2956,-3032,-3032,-2940,-3026,-2996
96,-2952,-3058,-3058,-2940,-2996,-2996
97,-2810,-3046,-2956,-3294,-3294,-2996
98,-3070,-3024,-3294,-3294,-3294,-2996
99,-2844,-3092,-3292,-2996,-2996,-2996
100,-3096,-3104,-3080,-2452,-2996,-2996
101,-2836,-2942,-2898,-2896,-2996,-2996
102,-2892,-3012,-3294,-3294,-2996,-2996
103,-3146,-3020,-3080,-3184,-2996,-2996
104,-2632,-2698,-3058,-2940,-3294,-2996
105,-2934,-3038,-3036,-2452,-2996,-2996
106,-2680,-2990,-3048,-2896,-2996,-2996
107,-3032,-3032,-3036,-2452,-2996,-2996
108,-3146,-3048,-3046,-3294,-3294,-2996
109,-2914,-3120,-2932,-2940,-2996,-2996
110,-3022,-3016,-2996,-2452,-3026,-2996
111,-2948,-2934,-3022,-2848,-2996,-2996
112,-3092,-2834,-2938,-3000,-2996,-2996
113,-3046,-2974,-2862,-2896,-2996,-2996
114,-2904,-2904,-2932,-3184,-2996,-2996
115,-2816,-2926,-3032,-3184,-2996,-2996
116,-3078,-3140,-3286,-3184,-2996,-2996
117,-2674,-2652,-2760,-2996,-2996,-2996
118,-2822,-3090,-3032,-2940,-2996,-2996
119,-3002,-3024,-3052,-3294,-2996,-2996
120,-3064,-3064,-2932,-3184,-2996,-2996
121,-3132,-3292,-2978,-2940,-3026,-2996
122,-2554,-2674,-3026,-2896,-2996,-2996
123,-3202,-3202,-3294,-2452,-2996,-2996
124,-2720,-2916,-3058,-3286,-2996,-2996
125,-3012,-3008,-3058,-2452,-3026,-2996
126,-2354,-3018,-3052,-3286,-3294,-2996
127,-2802,-2630,-2880,-3294,-2996,-2996
128,-3016,-3180,-3120,-2940,-2996,-2996
129,-2910,-2948,-3104,-3026,-2996,-2996
130,-2824,-3070,-3064,-3064,-2996,-2996
131,-2860,-2786,-2832,-3184,-2996,-2996
132,-3062,-3062,-3018,-3286,-2996,-2996
133,-3008,-3100,-3294,-3294,-2996,-2996
134,-2152,-3104,-2760,-3184,-2996,-2996
135,-2682,-3076,-3062,-3286,-2996,-2996
136,-3162,-3140,-3140,-3052,-3294,-2996
137,-2714,-2714,-3062,-3286,-2996,-2996
138,-2690,-2860,-3034,-2452,-2996,-2996
139,-3114,-3134,-2990,-2940,-2996,-2996
140,-2778,-3034,-2932,-2452,-2996,-2996
141,-3202,-3202,-3294,-3294,-3294,-2996
142,-2936,-3072,-3032,-2940,-2996,-2996
143,-2940,-2954,-3184,-2940,-2996,-2996
144,-2996,-3184,-3048,-2896,-2996,-2996
145,-3044,-3294,-3294,-2940,-2996,-2996
146,-3294,-3294,-3294,-2880,-2996,-2996
147,-3000,-2994,-3048,-2896,-2996,-2996
148,-3090,-2916,-3088,-2996,-2996,-2996
149,-3068,-3202,-3294,-3000,-2996,-2996
150,-2782,-2814,-2842,-3294,-2996,-2996
151,-3058,-3058,-3064,-3078,-2996,-2996
152,-3002,-3024,-2722,-3286,-2996,-2996
153,-2842,-2842,-2842,-3184,-2996,-2996
154,-2658,-3096,-3054,-2940,-2996,-2996
155,-3022,-3042,-3286,-3286,-2996,-2996
156,-2952,-2936,-2956,-3052,-3294,-2996
157,-2912,-2912,-3086,-2452,-2996,-2996
158,-3184,-3184,-2910,-3046,-2996,-2996
159,-3032,-3048,-3184,-2940,-2996,-2996
160,-3092,-3050,-2974,-3012,-3294,-2996
161,-3044,-3146,-2928,-2940,-2996,-2996
162,-3092,-2968,-2932,-2940,-2996,-2996
163,-3048,-3088,-3032,-2940,-2996,-2996
164,-3022,-3022,-3018,-3046,-2996,-2996
165,-2812,-2712,-3032,-2940,-2996,-2996
166,-2704,-3016,-2658,-3294,-2996,-2996
167,-2754,-2990,-3286,-3294,-2996,-2996
168,-2718,-2760,-2866,-2940,-2996,-2996
169,-2346,-2598,-3086,-3286,-2996,-2996
170,-3286,-2766,-2896,-2452,-2996,-2996
171,-3038,-2948,-2940,-2452,-2996,-2996
172,-2890,-3058,-3100,-2940,-2996,-2996
173,-3286,-3286,-3286,-3294,-2996,-2996
174,-3012,-3104,-3104,-2608,-2996,-2996
175,-2984,-3032,-2910,-3000,-2996,-2996
176,-3032,-3032,-3184,-3032,-2996,-2996
177,-3102,-3180,-3032,-2940,-2996,-2996
178,-3294,-3294,-3286,-3294,-2996,-2996
179,-2952,-3064,-3034,-2716,-2996,-2996
180,-3132,-3202,-3294,-3294,-2996,-2996
181,-3180,-3060,-2938,-3076,-3294,-2996
182,-2566,-2792,-2924,-3286,-2996,-2996
183,-2880,-3078,-3090,-3184,-3026,-2996
184,-2760,-2836,-3184,-3032,-3294,-2996
185,-2740,-3286,-3286,-2452,-2996,-2996
186,-3032,-3024,-3294,-3000,-2996,-2996
187,-2944,-3078,-3090,-2694,-2996,-2996
188,-2874,-3016,-3024,-3294,-3294,-2996
189,-3008,-3008,-3034,-2738,-3026,-2996
190,-3292,-3292,-3292,-2922,-3026,-2996
191,-2628,-3146,-3046,-3286,-2996,-2996
192,-2956,-2778,-2956,-3292,-2996,-2996
193,-3092,-3146,-3294,-3294,-2996,-2996
194,-3086,-3098,-3086,-3286,-2996,-2996
195,-3088,-3018,-2996,-2452,-2996,-2996
196,-2818,-2818,-2956,-3052,-2996,-2996
197,-3286,-3286,-3286,-2996,-2996,-2996
198,-2966,-3048,-3052,-3294,-3294,-2996
199,-2804,-2834,-3184,-2940,-2996,-2996
200,-2644,-3002,-2658,-3286,-2996,-2996
201,-2936,-3142,-2894,-3294,-2996,-2996
202,-2740,-3028,-2880,-3286,-2996,-2996
203,-3088,-3088,-3032,-2940,-2996,-2996
204,-3118,-3048,-3024,-2880,-3294,-2996
205,-2842,-2996,-3294,-3294,-2996,-2996
206,-2734,-2986,-3120,-2940,-2996,-2996
207,-3072,-3072,-3086,-3294,-2996,-2996
208,-3126,-3286,-2658,-3286,-3294,-2996
209,-2834,-2820,-3104,-2896,-2996,-2996
210,-2798,-2938,-2860,-3184,-2996,-2996
211,-2914,-2914,-3294,-3294,-2996,-2996
212,-2754,-2672,-2724,-2940,-2996,-2996
213,-3032,-3146,-3046,-3100,-2996,-2996
214,-2896,-2944,-2932,-2896,-2996,-2996
215,-3120,-3120,-2996,-2940,-2996,-2996
216,-2270,-3092,-3036,-2940,-2996,-2996
217,-2860,-2842,-2974,-3184,-2996,-2996
218,-3046,-3142,-2928,-2940,-2996,-2996
219,-3202,-3202,-3294,-2880,-2996,-2996
220,-2760,-3070,-3018,-2738,-2996,-2996
221,-3292,-3292,-3058,-2940,-2996,-2996
222,-3180,-3180,-3042,-3076,-2996,-2996
223,-3058,-2934,-3022,-3078,-2996,-2996
224,-2658,-3036,-3036,-3286,-3294,-2996
225,-2864,-3286,-3286,-2452,-2996,-2996
226,-2940,-2940,-2996,-2940,-2996,-2996
227,-2920,-2834,-3022,-3294,-2996,-2996
228,-3062,-3084,-3286,-2940,-2996,-2996
229,-2924,-2930,-2948,-3008,-2996,-2996
230,-3180,-3294,-3294,-2452,-3294,-2996
231,-3096,-3058,-3032,-2452,-2996,-2996
232,-2882,-3092,-2866,-2940,-2996,-2996
233,-3062,-3096,-3294,-3294,-2996,-2996
234,-2890,-3180,-3184,-2940,-2996,-2996
235,-2738,-3202,-3146,-2996,-2996,-2996
236,-2290,-2714,-2996,-2940,-2996,-2996
237,-3146,-3146,-3294,-3294,-2996,-2996
238,-2924,-2920,-2950,-3026,-2996,-2996
239,-3012,-3294,-3294,-3286,-3294,-2996
240,-2990,-3048,-3036,-3294,-3294,-2996
241,-2836,-2956,-2866,-2940,-2996,-2996
242,-3146,-3078,-3292,-2946,-2996,-2996
243,-3010,-3024,-3052,-3100,-2996,-2996
244,-3132,-3142,-3026,-3184,-2996,-2996
245,-3120,-3120,-3180,-3076,-2996,-2996
246,-2798,-3080,-3026,-3184,-2996,-2996
247,-2990,-2996,-3286,-2996,-2996,-2996
248,-3292,-3286,-3294,-3294,-2996,-2996
249,-3090,-3102,-3032,-2940,-2996,-2996
250,-2760,-3294,-3286,-3294,-2996,-2996
251,-3086,-3022,-3022,-2940,-2996,-2996
252,-2918,-3286,-3294,-3294,-2996,-2996
253,-2882,-2960,-2956,-3294,-2996,-2996
254,-2976,-3046,-3036,-3294,-2996,-2996
255,-2940,-2978,-3064,-2922,-2996,-2996
256,-3036,-3058,-3036,-2452,-2996,-2996
257,-2524,-3104,-2894,-2896,-2996,-2996
258,-3294,-3294,-3294,-3294,-3294,-2996
259,-3046,-3046,-3046,-3294,-2996,-2996
260,-3142,-3078,-3184,-2940,-2996,-2996
261,-3184,-3072,-2832,-3184,-2996,-2996
262,-3092,-3120,-2996,-2940,-2996,-2996
263,-3104,-3104,-3080,-3184,-2996,-2996
264,-2914,-3120,-2932,-2940,-2996,-2996
265,-3000,-3146,-3046,-3286,-2996,-2996
266,-2806,-2932,-2876,-2940,-2996,-2996
267,-2662,-3100,-3184,-2940,-3294,-2996
268,-3048,-3184,-3032,-2940,-2996,-2996
269,-3058,-3048,-2996,-2940,-2996,-2996
270,-2702,-2988,-3286,-3294,-2996,-2996
271,-3292,-3294,-3294,-3294,-2996,-2996
272,-2494,-2940,-3018,-3032,-2996,-2996
273,-2934,-3180,-2914,-2940,-2996,-2996
274,-3292,-3286,-3286,-2452,-2996,-2996
275,-2756,-3016,-3092,-3032,-2996,-2996
276,-3286,-3286,-3286,-3294,-2996,-2996
277,-3068,-3146,-3052,-3286,-2996,-2996
278,-2782,-2708,-3052,-3286,-2996,-2996
279,-2830,-3104,-2618,-3286,-3294,-2996
280,-3024,-2996,-2932,-2452,-2996,-2996
281,-3032,-2900,-2658,-3286,-3294,-2996
282,-2934,-2934,-3064,-3078,-2996,-2996
283,-3002,-3096,-3292,-2940,-2996,-2996
284,-3038,-3038,-2880,-3078,-2996,-2996
285,-3092,-3024,-2940,-2940,-2996,-2996
286,-2980,-3012,-2894,-3032,-2996,-2996
287,-2540,-3086,-2866,-2940,-2996,-2996
288,-2948,-3084,-3294,-3294,-2996,-2996
289,-2886,-3088,-3018,-2940,-2996,-2996
290,-3184,-3076,-3294,-3294,-2996,-2996
291,-3016,-3016,-3000,-3000,-2996,-2996
292,-3090,-3090,-3032,-2940,-3294,-2996
293,-3044,-3078,-3032,-3032,-2996,-2996
294,-2358,-3090,-2866,-2940,-2996,-2996
295,-3140,-3294,-3294,-3294,-2996,-2996
296,-3016,-3286,-3286,-3294,-2996,-2996
297,-3100,-2458,-2618,-2452,-2996,-2996
298,-2764,-3184,-3048,-3286,-2996,-2996
299,-3050,-3148,-3102,-2940,-2996,-2996
300,-2756,-2912,-2926,-3286,-3294,-2996
301,-3042,-3184,-3184,-2940,-2996,-2996
302,-3100,-2786,-2896,-3184,-2996,-2996
303,-2840,-2996,-3036,-3076,-3294,-2996
304,-3020,-2872,-3024,-3286,-3294,-2996
305,-2934,-2834,-2970,-3294,-2996,-2996
306,-2512,-2916,-3032,-2940,-2996,-2996
307,-2842,-3048,-3032,-2940,-2996,-2996
308,-2778,-2926,-2866,-2452,-2996,-2996
309,-2696,-2854,-2914,-3286,-2996,-2996
310,-3022,-3022,-2914,-2940,-2996,-2996
311,-2884,-3108,-2860,-2940,-2996,-2996
312,-2878,-2936,-3098,-3100,-2996,-2996
313,-2810,-3184,-3032,-3032,-2996,-2996
314,-3046,-3016,-2910,-3294,-3294,-2996
315,-2682,-2832,-3020,-3294,-2996,-2996
316,-2958,-3002,-3184,-2694,-2996,-2996
317,-2894,-3104,-2940,-3184,-2996,-2996
318,-2616,-2972,-3032,-2940,-3294,-2996
319,-3078,-3102,-3102,-2940,-2996,-2996
320,-3102,-3102,-3032,-2452,-2996,-2996
321,-2774,-2836,-3184,-3286,-2996,-2996
322,-3294,-3294,-3286,-3294,-2996,-2996
323,-3078,-3184,-3184,-2940,-2996,-2996
324,-3044,-3082,-3286,-2452,-2996,-2996
325,-3076,-3202,-3294,-3294,-2996,-2996
326,-3032,-3032,-3052,-3294,-3294,-2996
327,-3184,-3184,-2894,-2738,-2996,-2996
328,-2756,-2932,-2864,-2452,-2996,-2996
329,-3184,-3184,-3032,-2940,-2996,-2996
330,-2402,-2532,-3018,-3286,-2996,-2996
331,-3042,-3042,-2896,-2896,-2996,-2996
332,-2944,-3286,-3294,-3294,-2996,-2996
333,-2610,-2646,-3286,-3184,-2996,-2996
334,-2586,-2816,-2996,-2996,-2996,-2996
335,-3104,-3026,-2932,-3184,-2996,-2996
336,-2788,-2718,-3286,-3184,-2996,-2996
337,-2910,-2736,-3092,-3286,-2996,-2996
338,-2886,-2810,-2774,-2452,-2996,-2996
339,-3104,-3104,-3026,-2738,-2996,-2996
340,-2904,-3038,-2990,-2452,-2996,-2996
341,-3092,-3092,-3116,-3294,-2996,-2996
342,-3114,-3114,-3036,-3294,-3294,-2996
343,-3012,-3080,-2860,-3184,-2996,-2996
344,-2934,-3064,-3286,-3286,-2996,-2996
345,-2710,-3026,-2860,-3184,-2996,-2996
346,-3032,-3184,-3036,-2940,-2996,-2996
347,-2904,-2970,-3000,-3032,-3294,-2996
348,-2972,-3102,-3016,-3294,-2996,-2996
349,-3180,-3180,-2914,-2940,-3294,-2996
350,-2602,-2832,-3086,-2940,-2996,-2996
351,-2926,-3286,-3286,-3294,-3294,-2996
352,-2948,-2812,-3294,-3286,-3294,-2996
353,-2460,-2884,-3104,-2940,-2996,-2996
354,-2986,-3082,-2896,-2452,-2996,-2996
355,-2628,-3006,-3146,-2452,-2996,-2996
356,-2990,-3030,-3048,-2940,-2996,-2996
357,-3088,-3146,-3294,-3294,-2996,-2996
358,-2384,-3294,-3294,-3294,-2996,-2996
359,-3294,-3078,-2816,-3184,-2996,-2996
360,-2940,-2954,-3184,-2452,-2996,-2996
361,-2400,-2944,-2996,-2940,-2996,-2996
362,-2690,-3086,-3286,-3294,-2996,-2996
363,-2982,-3016,-3086,-2940,-2996,-2996
364,-2854,-3294,-3294,-3294,-2996,-2996
365,-2978,-3058,-2952,-2452,-3026,-2996
366,-2362,-2878,-3086,-3294,-3294,-2996
367,-3292,-3292,-3292,-3286,-2996,-2996
368,-3058,-3000,-3294,-2880,-2996,-2996
369,-2694,-3202,-3086,-2896,-2996,-2996
370,-3294,-3294,-3294,-3294,-2996,-2996
371,-3092,-3084,-2974,-3286,-2996,-2996
372,-2800,-2836,-3184,-2940,-2996,-2996
373,-2630,-2870,-2684,-3052,-2996,-2996
374,-3070,-3032,-2832,-3184,-2996,-2996
375,-2964,-2962,-3054,-2452,-3026,-2996
376,-3180,-2844,-2948,-3032,-2996,-2996
377,-3022,-3022,-3018,-3294,-2996,-2996
378,-3038,-3038,-2880,-3294,-2996,-2996
379,-2874,-2832,-2950,-3286,-2996,-2996
380,-3070,-3294,-3294,-3294,-2996,-2996
381,-2868,-3184,-3088,-3076,-3294,-2996
382,-2674,-2634,-2760,-3184,-2996,-2996
383,-2624,-2976,-3088,-3294,-2996,-2996
384,-3026,-3080,-2866,-3184,-2996,-2996
385,-3104,-3104,-3070,-3286,-2996,-2996
386,-2874,-2754,-2658,-3286,-2996,-2996
387,-2834,-2894,-2860,-3184,-2996,-2996
388,-2644,-3202,-3294,-2452,-2996,-2996
389,-3022,-3142,-3036,-2940,-2996,-2996
390,-2890,-3032,-2618,-3286,-2996,-2996
391,-2662,-2932,-2898,-2896,-2996,-2996
392,-2784,-3080,-2860,-3184,-2996,-2996
393,-2988,-2988,-2878,-2452,-2996,-2996
394,-2388,-2388,-3086,-3294,-3294,-2996
395,-2524,-3014,-3052,-3294,-2996,-2996
396,-3286,-3286,-3286,-2996,-2996,-2996
397,-2874,-2874,-2860,-2940,-2996,-2996
398,-2892,-3026,-2940,-3184,-2996,-2996
399,-3102,-2996,-3086,-2452,-2996,-2996
400,-3184,-3184,-2910,-2738,-3294,-2996
401,-3146,-3146,-3024,-2880,-3294,-2996
402,-3046,-3184,-3032,-3008,-3294,-2996
403,-3292,-3292,-3294,-2940,-2996,-2996
404,-3032,-3000,-3052,-3294,-2996,-2996
405,-3184,-3184,-3052,-3286,-2996,-2996
406,-3052,-3114,-3046,-3100,-3294,-2996
407,-3016,-3184,-3036,-3286,-3294,-2996
408,-2990,-2996,-3090,-2896,-2996,-2996
409,-3102,-3180,-2938,-2996,-2996,-2996
410,-2650,-2896,-2956,-3286,-2996,-2996
411,-2830,-3146,-3024,-3076,-3294,-2996
412,-3068,-3142,-3102,-2694,-2996,-2996
413,-2500,-2940,-3286,-2452,-2996,-2996
414,-2782,-2920,-2944,-3292,-2996,-2996
415,-2998,-3180,-3184,-2452,-3294,-2996
416,-2976,-3032,-3032,-2940,-2996,-2996
417,-2914,-3102,-3184,-2940,-2996,-2996
418,-3000,-3000,-3018,-3286,-2996,-2996
419,-3120,-2390,-2860,-3286,-3294,-2996
420,-3120,-3120,-3088,-3286,-2996,-2996
421,-2618,-2618,-2924,-2452,-2996,-2996
422,-2622,-2836,-2756,-2452,-3294,-2996
423,-3008,-2962,-3034,-2726,-2996,-2996
424,-2910,-2910,-2932,-2738,-2996,-2996
425,-2764,-3180,-3184,-2996,-2996,-2996
426,-2964,-3032,-3032,-2940,-2996,-2996
427,-3012,-2888,-3098,-3294,-2996,-2996
428,-3038,-3038,-3046,-2452,-2996,-2996
429,-3058,-2958,-2910,-3000,-2996,-2996
430,-2912,-2912,-2974,-2996,-2996,-2996
431,-3184,-3184,-3026,-2940,-2996,-2996
432,-2472,-2988,-3294,-3294,-2996,-2996
433,-3184,-3184,-3032,-2940,-2996,-2996
434,-3202,-3102,-3108,-2940,-2996,-2996
435,-3142,-2920,-3286,-2940,-2996,-2996
436,-2934,-3294,-3294,-3294,-2996,-2996
437,-2654,-3078,-3018,-3294,-2996,-2996
438,-3126,-3116,-3036,-3000,-3294,-2996
439,-3076,-3090,-3078,-3064,-2996,-2996
440,-2528,-3048,-3032,-3184,-2996,-2996
441,-2716,-3184,-3032,-2940,-2996,-2996
442,-3088,-2894,-2944,-3052,-2996,-2996
443,-3080,-3080,-2932,-3184,-2996,-2996
444,-3078,-2874,-2896,-2452,-2996,-2996
445,-2802,-2918,-2948,-3008,-2996,-2996
446,-2926,-3294,-3294,-3294,-2996,-2996
447,-2908,-2734,-2914,-2452,-2996,-2996
448,-3062,-3070,-2832,-3184,-2996,-2996
449,-3114,-3046,-3036,-3294,-3294,-2996
450,-3052,-3048,-3294,-3294,-3294,-2996
451,-3104,-3098,-3098,-3286,-2996,-2996
452,-3102,-2872,-2832,-3184,-2996,-2996
453,-2532,-2896,-3036,-3032,-2996,-2996
454,-2842,-3090,-3072,-2940,-2996,-2996
455,-3020,-3064,-2932,-2896,-2996,-2996
456,-3012,-3102,-3126,-3000,-2996,-2996
457,-2888,-3074,-2924,-3184,-2996,-2996
458,-2898,-2898,-2680,-3286,-2996,-2996
459,-3090,-2996,-3018,-3294,-3294,-2996
460,-3020,-3146,-3046,-3294,-2996,-2996
461,-3294,-3294,-3294,-3294,-3294,-2996
462,-3132,-3026,-2940,-3184,-2996,-2996
463,-3104,-3096,-3098,-3286,-2996,-2996
464,-3064,-3064,-3294,-3026,-2996,-2996
465,-3096,-3080,-2832,-2996,-2996,-2996
466,-3294,-3294,-3098,-3294,-3294,-2996
467,-2942,-3012,-3184,-2940,-2996,-2996
468,-3146,-3142,-3032,-2940,-2996,-2996
469,-3294,-3292,-3102,-3286,-2996,-2996
470,-2426,-2672,-2948,-2880,-2996,-2996
471,-2896,-3038,-3294,-2452,-2996,-2996
472,-2558,-3060,-2866,-2940,-2996,-2996
473,-2524,-3286,-3286,-3184,-2996,-2996
474,-3114,-3058,-3090,-2452,-2996,-2996
475,-3052,-3052,-3126,-3294,-2996,-2996
476,-3064,-3064,-3098,-3286,-3294,-2996
477,-3080,-3080,-3080,-3184,-2996,-2996
478,-3142,-3142,-3294,-2940,-2996,-2996
479,-3088,-2966,-2966,-3286,-2996,-2996
480,-2812,-3046,-2920,-3294,-2996,-2996
481,-2570,-3142,-3060,-2940,-2996,-2996
482,-2796,-3054,-3096,-3184,-2996,-2996
483,-3064,-3146,-3046,-3100,-2996,-2996
484,-2836,-2990,-2940,-2940,-2996,-2996
485,-2966,-3098,-2956,-3294,-2996,-2996
486,-2806,-3092,-2880,-3076,-2996,-2996
487,-2934,-3006,-3036,-2940,-2996,-2996
488,-2700,-3096,-3052,-3026,-2996,-2996
489,-2588,-3032,-3024,-2940,-2996,-2996
490,-2414,-2748,-3286,-3294,-3294,-2996
491,-3286,-3058,-3058,-3286,-2996,-2996
492,-2464,-2792,-3080,-2452,-2996,-2996
493,-2938,-3064,-2900,-2738,-2996,-2996
494,-2680,-2736,-2658,-3294,-2996,-2996
495,-2838,-3062,-3098,-3286,-2996,-2996
496,-2888,-3096,-2894,-2896,-2996,-2996
497,-3074,-3148,-3102,-2940,-2996,-2996
498,-3292,-3294,-3294,-3294,-2996,-2996
499,-3146,-3142,-3032,-2940,-2996,-2996
500,-3056,-3294,-3024,-2880,-3294,-2996
501,-2396,-2664,-2560,-2576,-2996,-2996
502,-3202,-2824,-3058,-2940,-2996,-2996
503,-2778,-2960,-2956,-3294,-2996,-2996
504,-2994,-3000,-3036,-3294,-2996,-2996
505,-3104,-2990,-2996,-3286,-2996,-2996
506,-2708,-3022,-2702,-3286,-3294,-2996
507,-3286,-3286,-2838,-3046,-2996,-2996
508,-2908,-2924,-3286,-2452,-2996,-2996
509,-3038,-3048,-3052,-3286,-3294,-2996
510,-3072,-3072,-3108,-3184,-2996,-2996
511,-2796,-2904,-2986,-3286,-2996,-2996
512,-3132,-3202,-3294,-3294,-2996,-2996
513,-2900,-3142,-3286,-2940,-2996,-2996
514,-3044,-3058,-2928,-2940,-2996,-2996
515,-3104,-3104,-3098,-3286,-2996,-2996
516,-3132,-3202,-3294,-3294,-2996,-2996
517,-3086,-3142,-3102,-2738,-2996,-2996
518,-2914,-2914,-3294,-3294,-2996,-2996
519,-3090,-3058,-3184,-2940,-2996,-2996
520,-2974,-3046,-2862,-3184,-2996,-2996
521,-3028,-2780,-2866,-2452,-2996,-2996
522,-2442,-2840,-2970,-2996,-3294,-2996
523,-2736,-2736,-3098,-3294,-2996,-2996
524,-2996,-3286,-3050,-3000,-2996,-2996
525,-2944,-3116,-2956,-3000,-2996,-2996
526,-2836,-2836,-3032,-2940,-2996,-2996
527,-2956,-2898,-2896,-2940,-2996,-2996
528,-2742,-2856,-2932,-3184,-3026,-2996
529,-3062,-3084,-3286,-2940,-2996,-2996
530,-3148,-2804,-2914,-2940,-2996,-2996
531,-2628,-3000,-2956,-3294,-2996,-2996
532,-3008,-2996,-3048,-2452,-2996,-2996
533,-2730,-3076,-3184,-2940,-2996,-2996
534,-2832,-2910,-3018,-2738,-2996,-2996
535,-2996,-3100,-3294,-2940,-2996,-2996
536,-2972,-3108,-2880,-2996,-2996,-2996
537,-2648,-3132,-3294,-3286,-2996,-2996
538,-2956,-2934,-2988,-3294,-3294,-2996
539,-2754,-3092,-2970,-2996,-2996,-2996
540,-2838,-2932,-2932,-2452,-2996,-2996
541,-2884,-2804,-3048,-2940,-2996,-2996
542,-2930,-3104,-3062,-3286,-2996,-2996
543,-2586,-2786,-2878,-2996,-2996,-2996
544,-3104,-2762,-3032,-3286,-2996,-2996
545,-2770,-3008,-2952,-2896,-2996,-2996
546,-2760,-2832,-3036,-3294,-2996,-2996
547,-2506,-2512,-2896,-2896,-2996,-2996
548,-3080,-2852,-3080,-2738,-2996,-2996
549,-2872,-2564,-3028,-2880,-3294,-2996
550,-2690,-2690,-2860,-2940,-2996,-2996
551,-2720,-3072,-3008,-2940,-2996,-2996
552,-2810,-2766,-2894,-2940,-2996,-2996
553,-3114,-3126,-2860,-2940,-2996,-2996
554,-2806,-3026,-2914,-3184,-2996,-2996
555,-3086,-3294,-3086,-3294,-3294,-2996
556,-2838,-3032,-2924,-3286,-2996,-2996
557,-2970,-2760,-2724,-3294,-2996,-2996
558,-3046,-3120,-2832,-3184,-2996,-2996
559,-2872,-2800,-2924,-2940,-2996,-2996
560,-2734,-3100,-3294,-3294,-2996,-2996
561,-2832,-2886,-3018,-2738,-2996,-2996
562,-2766,-2912,-3184,-3026,-2996,-2996
563,-3060,-3184,-3036,-2940,-2996,-2996
564,-2920,-2886,-3018,-3286,-3294,-2996
565,-3008,-3294,-3294,-3294,-2996,-2996
566,-2952,-2948,-3048,-2452,-2996,-2996
567,-2634,-2876,-3026,-2940,-2996,-2996
568,-3014,-3088,-3088,-3076,-2996,-2996
569,-3162,-3162,-3102,-2940,-2996,-2996
570,-3184,-3184,-3032,-2940,-2996,-2996
571,-3078,-3078,-3036,-2940,-2996,-2996
572,-2818,-3086,-3086,-2940,-2996,-2996
573,-2834,-2972,-3286,-2452,-2996,-2996
574,-2912,-2912,-3022,-3052,-2996,-2996
575,-3016,-3184,-3048,-2940,-2996,-2996
576,-3016,-3000,-3018,-2716,-3294,-2996
577,-2812,-2812,-2680,-3286,-3294,-2996
578,-3140,-2948,-3286,-3294,-2996,-2996
579,-2892,-3036,-3036,-2940,-2996,-2996
580,-2466,-3294,-3022,-2452,-2996,-2996
581,-3286,-3286,-3286,-2996,-2996,-2996
582,-3050,-3050,-2848,-3294,-2996,-2996
583,-3140,-3140,-3088,-2852,-2996,-2996
584,-2872,-2864,-3026,-2452,-2996,-2996
585,-2910,-2960,-3036,-3294,-2996,-2996
586,-2612,-3092,-3062,-3286,-2996,-2996
587,-3092,-3092,-3048,-2896,-2996,-2996
588,-3108,-3086,-3090,-2940,-3026,-2996
589,-3082,-3062,-3032,-2940,-2996,-2996
590,-3108,-3142,-2928,-2694,-2996,-2996
591,-2498,-2754,-2860,-2996,-2996,-2996
592,-2880,-3052,-3294,-3294,-3294,-2996
593,-3286,-3286,-2878,-3184,-2996,-2996
594,-2732,-3092,-2864,-2940,-2996,-2996
595,-2974,-2994,-2974,-3294,-2996,-2996
596,-2926,-3146,-3046,-3100,-3294,-2996
597,-3102,-3102,-3022,-2940,-2996,-2996
598,-2974,-2974,-3046,-2576,-2996,-2996
599,-2664,-3126,-3000,-2996,-2996,-2996
600,-2958,-3032,-3032,-3184,-2996,-2996
601,-2750,-3108,-2956,-3294,-3294,-2996
602,-3060,-3036,-3036,-2452,-2996,-2996
603,-3132,-3108,-3034,-2726,-2996,-2996
604,-2674,-2916,-3088,-3000,-2996,-2996
605,-2710,-2880,-3036,-2848,-2996,-2996
606,-3114,-3142,-2990,-2940,-2996,-2996
607,-2840,-3032,-2940,-2940,-2996,-2996
608,-2988,-2988,-2860,-3294,-2996,-2996
609,-2816,-3184,-3184,-3184,-2996,-2996
610,-2878,-3104,-3108,-2452,-2996,-2996
611,-3102,-2988,-3078,-3100,-2996,-2996
612,-2990,-3016,-2938,-3294,-2996,-2996
613,-3052,-3090,-3184,-2940,-2996,-2996
614,-2942,-2948,-3080,-3184,-2996,-2996
615,-2994,-2944,-3046,-3294,-2996,-2996
616,-2762,-3026,-3036,-3294,-2996,-2996
617,-3086,-3014,-2938,-3294,-2996,-2996
618,-2418,-2736,-2658,-3286,-2996,-2996
619,-2750,-3286,-2880,-3286,-2996,-2996
620,-2604,-2766,-3098,-3286,-3294,-2996
621,-3124,-3286,-3286,-2996,-2996,-2996
622,-3042,-3142,-2992,-3184,-2996,-2996
623,-3104,-3104,-3080,-3184,-2996,-2996
624,-3180,-3060,-2938,-3294,-3294,-2996
625,-2444,-3286,-3286,-3184,-2996,-2996
626,-2630,-2894,-2894,-3294,-2996,-2996
627,-2594,-2992,-2718,-2418,-2996,-2996
628,-3108,-3142,-3294,-2218,-2996,-2996
629,-3294,-3294,-3286,-3286,-2996,-2996
630,-3076,-3104,-3098,-3286,-2996,-2996
631,-2670,-2794,-2944,-2996,-2996,-2996
632,-3180,-3180,-2804,-3046,-2996,-2996
633,-2860,-3060,-3286,-2452,-2996,-2996
634,-3126,-2920,-2938,-3294,-2996,-2996
635,-2890,-2934,-2996,-2940,-2996,-2996
636,-2704,-2822,-3018,-3032,-2996,-2996
637,-3292,-3202,-3294,-2880,-2996,-2996
638,-2704,-2728,-2974,-3286,-2996,-2996
639,-2866,-3020,-3090,-2940,-2996,-2996
640,-3022,-3042,-2896,-2940,-2996,-2996
641,-3294,-3294,-3294,-3294,-2996,-2996
642,-2956,-2898,-2866,-2452,-2996,-2996
643,-3066,-2920,-3032,-2940,-2996,-2996
644,-3080,-3080,-3080,-3184,-2996,-2996
645,-2682,-3292,-3294,-2452,-2996,-2996
646,-3020,-2996,-2932,-3184,-2996,-2996
647,-2732,-2852,-2864,-2924,-2996,-2996
648,-3146,-3058,-2940,-2940,-2996,-2996
649,-2920,-3022,-3098,-3294,-2996,-2996
650,-3088,-2910,-3018,-2738,-2996,-2996
651,-2774,-3294,-3294,-3294,-2996,-2996
652,-3294,-3286,-3286,-3294,-2996,-2996
653,-3062,-3100,-3294,-3294,-2996,-2996
654,-2574,-2862,-2714,-3286,-3294,-2996
655,-3012,-2860,-2940,-3184,-2996,-2996
656,-3104,-3096,-3004,-3286,-3294,-2996
657,-3134,-3142,-3048,-3184,-2996,-2996
658,-2874,-2728,-3022,-3184,-2996,-2996
659,-2896,-2722,-2956,-3294,-2996,-2996
660,-3064,-3064,-3286,-2940,-3294,-2996
661,-2996,-3022,-3022,-2452,-2996,-2996
662,-3184,-2986,-3000,-3294,-3294,-2996
663,-2788,-2788,-3286,-2940,-2996,-2996
664,-2908,-2898,-3036,-3032,-2996,-2996
665,-3104,-3054,-2816,-3184,-2996,-2996
666,-2870,-3064,-2836,-3286,-3294,-2996
667,-2974,-2912,-3184,-2940,-2996,-2996
668,-2722,-2994,-3294,-2940,-2996,-2996
669,-2690,-3286,-3032,-3294,-3294,-2996
670,-2874,-3162,-2950,-2452,-2996,-2996
671,-2842,-3294,-3294,-2452,-2996,-2996
672,-3096,-3046,-3036,-3294,-3294,-2996
673,-3078,-3184,-2702,-3286,-2996,-2996
674,-3070,-2940,-2940,-2940,-2996,-2996
675,-3080,-3080,-3004,-3286,-2996,-2996
676,-2344,-2532,-3086,-3286,-2996,-2996
677,-3146,-3078,-2952,-3184,-2996,-2996
678,-2964,-3090,-3286,-3026,-2996,-2996
679,-2818,-3072,-3286,-2896,-2996,-2996
680,-3062,-3062,-3062,-2940,-2996,-2996
681,-2948,-2948,-3070,-3286,-2996,-2996
682,-2804,-2834,-3078,-3286,-2996,-2996
683,-2964,-3046,-3052,-3294,-2996,-2996
684,-2882,-3180,-2996,-2940,-2996,-2996
685,-3108,-2990,-3090,-2940,-2996,-2996
686,-3062,-3146,-3054,-2940,-2996,-2996
687,-2680,-2892,-3020,-3286,-2996,-2996
688,-2596,-2894,-2894,-3046,-2996,-2996
689,-3202,-3090,-3032,-2940,-2996,-2996
690,-2680,-3002,-3090,-2940,-2996,-2996
691,-2512,-2940,-3202,-2452,-2996,-2996
692,-2652,-2858,-3070,-3286,-3294,-2996
693,-3294,-3294,-3294,-3294,-3294,-2996
694,-2848,-2992,-3022,-3294,-2996,-2996
695,-3126,-3126,-2990,-3032,-2996,-2996
696,-3146,-3142,-3032,-2940,-2996,-2996
697,-3294,-3292,-3294,-2940,-2996,-2996
698,-3132,-3292,-3292,-3000,-2996,-2996
699,-2960,-3016,-3286,-2940,-2996,-2996
700,-3084,-3084,-3092,-3294,-2996,-2996
701,-2578,-2966,-2966,-3286,-2996,-2996
702,-3180,-3180,-2914,-2452,-2996,-2996
703,-2996,-3146,-2846,-3286,-3294,-2996
704,-2734,-3022,-3018,-3032,-3294,-2996
705,-2736,-3032,-2680,-3286,-2996,-2996
706,-2624,-2690,-3022,-2940,-2996,-2996
707,-2966,-2982,-3032,-2618,-2996,-2996
708,-3022,-3294,-3294,-3294,-3294,-2996
709,-3286,-2630,-3058,-2940,-2996,-2996
710,-2940,-2996,-2924,-3286,-2996,-2996
711,-2840,-2840,-3032,-2940,-2996,-2996
712,-2942,-3028,-3294,-3294,-3294,-2996
713,-3100,-3016,-3034,-3184,-2996,-2996
714,-2612,-3062,-3018,-2880,-3294,-2996
715,-2510,-2874,-2752,-3184,-2996,-2996
716,-2956,-3032,-3032,-2940,-2996,-2996
717,-3084,-3084,-3088,-3000,-3294,-2996
718,-2548,-3120,-2932,-2452,-2996,-2996
719,-2980,-3000,-3034,-3184,-2996,-2996
720,-2930,-3092,-3034,-2738,-2996,-2996
721,-3184,-3088,-3184,-2940,-2996,-2996
722,-3062,-3096,-3294,-3294,-2996,-2996
723,-2628,-2948,-2610,-3286,-3294,-2996
724,-2894,-2954,-3064,-3184,-2996,-2996
725,-2664,-2934,-3026,-2940,-2996,-2996
726,-2940,-2954,-3184,-3286,-2996,-2996
727,-3184,-3184,-3184,-2452,-2996,-2996
728,-2960,-2982,-3132,-3008,-2996,-2996
729,-2548,-2630,-3048,-2452,-2996,-2996
730,-3084,-3088,-3034,-2940,-2996,-2996
731,-2952,-3184,-3032,-2940,-2996,-2996
732,-3064,-2954,-3034,-2738,-2996,-2996
733,-2988,-2988,-2838,-3046,-2996,-2996
734,-2994,-2994,-3184,-2940,-2996,-2996
735,-2604,-2936,-2956,-3052,-3294,-2996
736,-2792,-3090,-3184,-2452,-2996,-2996
737,-2682,-2806,-2932,-2738,-3294,-2996
738,-2632,-3018,-2880,-3286,-2996,-2996
739,-3042,-3042,-3086,-2452,-2996,-2996
740,-2930,-2930,-3046,-3032,-2996,-2996
741,-2764,-2734,-2914,-3184,-2996,-2996
742,-3292,-3294,-3294,-3294,-2996,-2996
743,-2738,-3090,-3184,-3064,-2996,-2996
744,-2864,-2864,-3004,-3286,-3294,-2996
745,-3100,-3100,-3286,-2940,-2996,-2996
746,-2694,-2938,-3098,-2452,-2996,-2996
747,-3134,-2990,-3048,-2940,-2996,-2996
748,-2254,-3022,-2866,-3286,-2996,-2996
749,-3292,-3294,-3294,-3294,-2996,-2996
750,-2926,-2914,-3102,-3184,-2996,-2996
751,-2900,-3088,-3184,-3286,-2996,-2996
752,-3026,-3026,-3018,-3032,-2996,-2996
753,-3072,-3024,-3294,-3294,-2996,-2996
754,-2974,-3100,-3286,-2940,-2996,-2996
755,-3102,-3102,-3032,-2940,-2996,-2996
756,-3102,-3032,-3032,-2940,-3026,-2996
757,-3184,-3184,-3036,-2940,-2996,-2996
758,-2898,-2898,-2932,-2896,-2996,-2996
759,-3016,-3080,-3026,-3184,-2996,-2996
760,-3026,-3092,-3092,-2940,-2996,-2996
761,-2966,-2966,-3032,-2452,-2996,-2996
762,-3062,-3070,-2618,-3286,-3294,-2996
763,-2952,-3294,-3294,-3294,-3294,-2996
764,-3032,-3024,-3294,-3294,-2996,-2996
765,-2818,-3180,-2920,-3286,-2996,-2996
766,-3032,-3000,-3098,-3286,-2996,-2996
767,-2584,-2948,-3294,-2716,-2996,-2996
768,-2794,-2898,-2896,-2940,-2996,-2996
769,-2974,-3146,-2680,-3286,-2996,-2996
770,-2888,-2996,-3078,-3294,-3294,-2996
771,-3090,-3202,-3294,-3294,-2996,-2996
772,-3050,-3092,-3184,-2940,-2996,-2996
773,-2928,-3038,-3038,-2452,-2996,-2996
774,-2730,-2924,-2914,-2996,-3294,-2996
775,-2938,-2924,-2728,-2996,-3294,-2996
776,-3104,-3104,-2932,-2452,-2996,-2996
777,-3072,-3048,-2914,-2940,-2996,-2996
778,-2800,-3078,-3090,-3032,-2996,-2996
779,-3142,-3142,-3102,-3184,-2996,-2996
780,-3090,-3146,-3294,-3294,-3294,-2996
781,-3082,-2774,-3048,-2940,-2996,-2996
782,-3146,-2870,-2896,-2940,-2996,-2996
783,-3016,-2780,-3286,-3184,-2996,-2996
784,-2910,-2910,-2932,-3184,-2996,-2996
785,-3294,-3080,-3080,-2452,-2996,-2996
786,-2854,-3104,-2876,-3184,-2996,-2996
787,-3146,-3064,-2928,-2940,-2996,-2996
788,-2820,-2848,-3120,-2940,-2996,-2996
789,-2816,-3016,-2956,-3294,-2996,-2996
790,-3058,-3058,-3048,-2940,-2996,-2996
791,-2860,-2864,-3286,-2452,-2996,-2996
792,-2922,-2888,-3048,-2940,-2996,-2996
793,-2692,-3070,-2618,-3286,-3294,-2996
794,-3184,-3184,-3032,-2452,-2996,-2996
795,-3084,-2914,-3102,-3058,-2996,-2996
796,-2514,-2664,-2658,-2452,-2996,-2996
797,-3084,-3100,-3286,-2940,-2996,-2996
798,-2750,-2762,-3286,-3184,-2996,-2996
799,-3010,-3072,-3048,-2940,-2996,-2996
800,-2948,-2890,-3018,-3184,-2996,-2996
801,-3076,-3146,-3048,-2940,-2996,-2996
802,-2920,-3048,-2956,-3286,-2996,-2996
803,-2554,-3000,-3018,-3286,-2996,-2996
804,-3118,-3142,-3048,-2940,-2996,-2996
805,-2852,-2718,-3294,-2452,-2996,-2996
806,-3180,-3014,-3078,-3294,-2996,-2996
807,-2698,-3046,-3048,-3032,-2996,-2996
808,-3146,-3142,-2928,-2940,-2996,-2996
809,-2798,-3022,-2956,-3294,-3294,-2996
810,-2768,-3098,-3098,-3286,-3294,-2996
811,-2670,-3092,-2970,-2996,-2996,-2996
812,-2834,-2834,-3104,-3286,-2996,-2996
813,-3024,-3098,-3024,-3286,-2996,-2996
814,-3102,-3102,-2894,-3294,-2996,-2996
815,-2908,-2966,-3184,-3032,-2996,-2996
816,-2644,-3032,-3184,-2940,-2996,-2996
817,-3294,-3292,-3292,-3022,-2996,-2996
818,-2612,-3014,-3018,-3294,-3294,-2996
819,-2820,-2924,-3036,-3032,-3294,-2996
820,-3046,-3146,-3036,-3000,-2996,-2996
821,-2796,-2836,-3032,-2940,-3294,-2996
822,-3294,-3294,-3102,-3184,-2996,-2996
823,-2974,-2974,-3046,-3294,-2996,-2996
824,-2750,-2846,-3042,-2996,-2996,-2996
825,-2812,-3000,-3000,-3076,-2996,-2996
826,-2980,-2864,-3098,-3286,-3294,-2996
827,-2920,-2844,-2786,-3184,-2996,-2996
828,-2990,-2990,-3032,-2940,-2996,-2996
829,-3090,-2634,-3102,-3286,-2996,-2996
830,-3102,-3142,-3032,-2940,-2996,-2996
831,-2456,-2860,-2832,-2940,-2996,-2996
832,-2698,-2440,-2556,-2940,-2996,-2996
833,-3102,-3202,-3294,-3294,-2996,-2996
834,-2758,-2940,-3120,-2940,-2996,-2996
835,-3108,-3108,-3294,-2880,-2996,-2996
836,-2748,-3184,-3032,-2940,-2996,-2996
837,-2788,-2820,-3034,-2452,-2996,-2996
838,-2840,-3036,-3036,-2940,-2996,-2996
839,-2864,-3046,-3032,-2940,-2996,-2996
840,-3106,-3286,-2894,-3294,-2996,-2996
841,-3100,-3084,-3064,-2576,-2996,-2996
842,-3086,-3180,-3180,-3076,-2996,-2996
843,-2666,-3100,-3294,-3294,-2996,-2996
844,-2732,-3092,-3286,-3026,-2996,-2996
845,-3062,-2982,-3132,-2940,-2996,-2996
846,-2986,-3000,-3046,-3294,-2996,-2996
847,-2714,-3096,-2910,-3032,-3294,-2996
848,-3126,-3046,-3036,-3100,-3294,-2996
849,-2794,-3202,-3294,-2880,-3294,-2996
850,-2918,-2872,-3096,-3286,-2996,-2996
851,-2904,-3078,-3026,-2940,-2996,-2996
852,-3032,-3064,-3098,-3286,-3294,-2996
853,-2886,-3072,-3184,-2452,-2996,-2996
854,-2846,-2846,-3046,-3076,-2996,-2996
855,-3022,-3030,-3074,-2940,-2996,-2996
856,-3070,-3070,-3032,-2940,-2996,-2996
857,-2798,-2928,-2952,-3184,-2996,-2996
858,-3012,-3022,-2914,-2940,-2996,-2996
859,-2824,-3058,-2928,-2940,-2996,-2996
860,-2936,-2962,-3022,-3032,-2996,-2996
861,-3006,-3098,-3294,-3286,-3294,-2996
862,-2940,-3202,-3294,-3294,-2996,-2996
863,-3102,-3078,-3054,-2940,-2996,-2996
864,-2922,-2524,-2866,-2940,-2996,-2996
865,-2598,-3126,-3294,-3294,-2996,-2996
866,-2704,-3294,-3294,-2940,-2996,-2996
867,-3068,-3180,-2914,-2940,-2996,-2996
868,-2550,-2760,-3108,-3286,-3294,-2996
869,-2790,-2712,-3048,-2940,-2996,-2996
870,-3070,-3076,-3104,-3286,-2996,-2996
871,-2896,-3084,-3286,-2218,-2996,-2996
872,-2750,-3058,-3294,-2940,-2996,-2996
873,-2628,-2764,-2996,-2940,-2996,-2996
874,-2758,-2948,-3184,-2940,-2996,-2996
875,-3294,-3292,-3292,-2940,-2996,-2996
876,-2686,-2738,-2700,-3286,-2996,-2996
877,-2904,-3184,-3184,-2940,-3294,-2996
878,-2662,-3286,-2996,-3294,-2996,-2996
879,-2976,-3032,-3052,-3286,-3294,-2996
880,-3032,-3032,-3048,-3032,-2996,-2996
881,-3294,-3294,-2952,-2940,-2996,-2996
882,-2966,-2928,-2896,-2896,-2996,-2996
883,-2966,-2932,-3184,-3032,-2996,-2996
884,-2768,-2838,-2872,-3286,-2996,-2996
885,-3294,-3292,-3292,-2974,-2996,-2996
886,-2952,-2952,-3294,-3294,-3294,-2996
887,-2656,-3036,-2880,-3286,-3294,-2996
888,-2838,-2768,-2760,-2452,-2996,-2996
889,-2836,-2940,-3032,-2940,-2996,-2996
890,-3028,-3032,-2928,-2940,-2996,-2996
891,-2774,-3132,-3102,-3294,-2996,-2996
892,-2804,-2996,-3286,-2940,-2996,-2996
893,-2928,-2928,-3048,-2940,-2996,-2996
894,-3102,-3180,-2914,-2940,-2996,-2996
895,-2454,-2824,-3070,-3286,-3294,-2996
896,-3014,-3088,-3088,-3032,-3294,-2996
897,-2970,-3016,-2894,-2738,-2996,-2996
898,-2946,-2918,-2914,-2940,-2996,-2996
899,-2942,-3032,-3098,-3286,-3294,-2996
900,-2816,-2816,-3032,-3184,-2996,-2996
901,-2760,-2834,-3286,-3184,-2996,-2996
902,-3120,-2968,-3088,-3032,-2996,-2996
903,-2722,-3086,-2680,-3294,-2996,-2996
904,-2942,-2942,-2718,-3286,-3294,-2996
905,-2954,-3058,-2928,-2940,-2996,-2996
906,-2644,-2926,-3032,-3184,-2996,-2996
907,-2978,-3032,-3032,-3184,-3026,-2996
908,-3294,-3294,-3294,-3294,-3294,-2996
909,-3286,-3286,-3294,-3108,-2996,-2996
910,-2598,-2996,-3286,-3294,-2996,-2996
911,-3090,-3090,-3102,-2490,-2996,-2996
912,-3016,-3016,-3114,-3294,-3294,-2996
913,-2418,-2474,-3018,-3286,-2996,-2996
914,-3140,-3082,-3286,-2940,-2996,-2996
915,-2976,-3032,-3048,-2940,-2996,-2996
916,-2846,-3008,-3032,-2726,-2996,-2996
917,-3146,-3146,-3146,-3294,-3294,-2996
918,-3062,-3060,-3048,-3184,-2996,-2996
919,-3014,-3092,-3088,-3076,-2996,-2996
920,-3070,-3076,-2926,-3286,-2996,-2996
921,-3000,-2966,-3032,-2940,-3026,-2996
922,-2320,-2854,-2840,-3294,-2996,-2996
923,-2954,-2970,-2894,-3032,-3294,-2996
924,-2620,-2836,-3064,-3294,-3294,-2996
925,-2904,-2924,-2914,-3184,-3294,-2996
926,-3014,-3016,-3022,-2738,-3294,-2996
927,-3292,-3292,-3292,-3294,-2996,-2996
928,-3038,-3022,-2896,-2940,-2996,-2996
929,-3146,-3146,-3032,-2940,-2996,-2996
930,-3046,-3038,-3286,-2940,-2996,-2996
931,-3018,-3018,-3018,-2940,-2996,-2996
932,-3010,-2974,-2938,-2940,-2996,-2996
933,-3286,-3286,-2680,-3286,-3294,-2996
934,-3096,-3096,-2696,-3286,-2996,-2996
935,-2454,-2470,-2966,-3286,-2996,-2996
936,-3070,-3104,-3104,-3286,-2996,-2996
937,-3048,-3184,-3032,-2940,-2996,-2996
938,-2790,-2948,-2932,-3184,-2996,-2996
939,-2922,-3120,-3286,-2452,-2996,-2996
940,-3202,-3202,-3294,-2880,-2996,-2996
941,-2698,-2588,-2996,-2452,-3026,-2996
942,-3070,-3076,-3104,-3286,-2996,-2996
943,-3102,-3102,-2974,-3294,-3294,-2996
944,-3046,-3146,-3036,-3294,-3294,-2996
945,-2986,-3000,-3052,-3294,-3294,-2996
946,-2776,-3054,-3080,-2452,-2996,-2996
947,-2944,-2924,-3294,-3294,-3294,-2996
948,-2534,-3098,-2956,-3286,-2996,-2996
949,-2552,-3018,-3098,-3286,-2996,-2996
950,-3046,-3042,-2878,-2452,-2996,-2996
951,-2846,-3024,-3088,-3032,-2996,-2996
952,-3018,-2986,-3048,-2940,-2996,-2996
953,-3292,-3292,-3292,-2922,-2996,-2996
954,-3024,-3142,-2990,-2940,-2996,-2996
955,-3092,-3050,-2956,-3292,-3294,-2996
956,-2974,-2994,-3036,-3294,-3294,-2996
957,-3184,-3184,-3032,-2940,-2996,-2996
958,-2974,-3084,-3294,-2940,-2996,-2996
959,-3102,-3046,-3036,-3100,-3294,-2996
960,-2800,-3048,-2832,-3184,-2996,-2996
961,-2950,-3064,-3286,-2452,-2996,-2996
962,-3184,-3048,-3184,-2452,-2996,-2996
963,-2924,-3078,-2896,-2940,-2996,-2996
964,-2754,-3142,-2868,-3184,-2996,-2996
965,-3000,-3000,-3052,-3294,-3294,-2996
966,-2892,-3036,-3036,-3032,-2996,-2996
967,-3018,-3072,-3294,-3294,-2996,-2996
968,-2904,-2932,-2896,-2940,-3026,-2996
969,-2958,-3036,-2920,-3286,-2996,-2996
970,-2944,-3184,-3032,-3286,-2996,-2996
971,-3078,-3078,-3120,-2896,-3294,-2996
972,-3294,-3292,-3292,-2940,-2996,-2996
973,-2812,-3096,-2866,-2452,-2996,-2996
974,-3078,-3078,-2928,-3032,-2996,-2996
975,-2994,-2948,-3184,-2940,-2996,-2996
976,-2482,-2996,-3294,-3184,-2996,-2996
977,-3126,-3036,-3294,-3294,-2996,-2996
978,-2884,-3048,-2938,-3294,-3294,-2996
979,-2474,-3000,-3052,-3294,-2996,-2996
980,-3008,-3294,-3294,-2996,-2996,-2996
981,-3184,-3184,-3126,-2738,-3294,-2996
982,-2732,-2934,-2754,-3294,-2996,-2996
983,-2408,-2600,-3184,-3286,-2996,-2996
984,-2896,-3202,-3038,-2452,-2996,-2996
985,-3078,-3038,-3036,-3294,-2996,-2996
986,-2728,-2846,-3184,-3286,-3294,-2996
987,-3048,-3048,-2996,-2940,-2996,-2996
988,-3132,-3294,-3294,-2880,-2996,-2996
989,-2760,-2760,-2738,-2452,-2996,-2996
990,-2886,-3022,-2996,-2940,-2996,-2996
991,-3072,-3142,-2928,-2452,-2996,-2996
992,-2016,-3048,-3294,-3032,-2996,-2996
993,-2346,-2408,-2926,-3286,-2996,-2996
994,-2932,-3146,-3046,-3294,-3294,-2996
995,-2800,-3104,-2696,-3286,-3294,-2996
996,-3294,-3294,-3294,-3294,-2996,-2996
997,-3036,-3096,-3294,-3294,-2996,-2996
998,-2872,-3024,-2880,-2996,-3294,-2996
999,-2694,-2834,-2680,-3286,-2996,-2996
